title,date,source,description,url
"Hurricanes and Boeing Strike Depress Job Growth, But Unemployment Remains Steady",2024-11-06T06:40:49Z,CounterPunch,"The October jobs report showed little gain in hiring, with establishments adding just 12,000 jobs. The number was depressed both by the effects of the hurricanes that hit the South last month and the loss of roughly 33,000 jobs due to the strike at Boeing. Th…",https://www.counterpunch.org/2024/11/06/hurricanes-and-boeing-strike-depress-job-growth-but-unemployment-remains-steady/
TEDx event under fire for removing Palestine comment from speech,2024-11-06T06:39:07Z,ABC News (AU),"The video-recorded speech by Gunditjmara, Kirrae Wurrong, and Djab Wurrong woman Sissy Austin has now been uploaded in full after community backlash over comments edited out.",https://www.abc.net.au/news/2024-11-06/tedx-event-under-fire-for-removing-palestine-comment-from-speech/104568106
Reviewing Shimmick (SHIM) & Its Competitors,2024-11-06T06:35:04Z,ETF Daily News,"Shimmick (NASDAQ:SHIM – Get Free Report) is one of 19 public companies in the “Heavy construction, except building construction – contractors” industry, but how does it compare to its peers? We will compare Shimmick to related companies based on the strength …",https://www.etfdailynews.com/2024/11/06/reviewing-shimmick-shim-its-competitors-2/
Rounds of Showers and Storms Around,2024-11-06T06:30:35Z,kyweathercenter.com,"Good Wednesday, everyone. Showers and storms are rumbling across parts of Kentucky today as a cold front sweeps in from the west. This will slow down and keep some showers and storms going through Thursday with a bigger system for the weekend. This is all par…",https://kyweathercenter.com/?p=66952
WATCH: Explosive detection dog sniffs for bombs at L.A. county registrar’s office,2024-11-06T06:30:05Z,ABC News,An explosive detection dog sniffs for bombs at the Los Angeles County registrar's office on election night.,https://abcnews.go.com/US/video/explosive-detection-dog-sniffs-bombs-la-county-registrars-115552105
River City Girls 2 ‘Double Dragon DLC’ launches November 12,2024-11-06T06:26:08Z,Gematsu,"River City Girls 2’s “Double Dragon Downloadable Content,” featuring playable characters Billy and Jimmy Lee, will launch on November 12, developer WayForward announced.",https://www.gematsu.com/2024/11/river-city-girls-2-double-dragon-dlc-launches-november-12
[Removed],2024-11-06T06:15:45Z,[Removed],[Removed],https://removed.com
"‘Provocative’ Tusk should resign if Trump wins, Polish far-right PiS said",2024-11-06T06:08:08Z,EURACTIV,"In today's edition of the Capitals, find out more about Poland's PiS highlighting Tusk's behaviour with Trump as president, Borissov saying he is ready to sacrifice the premiership, and so much more.",https://www.euractiv.com/section/politics/news/the-capitals-provocative-tusk-should-resign-if-trump-wins-polish-far-right-pis-said/
AIG CEO Zaffino on Approach to Catastrophe Losses in Today’s Reinsurance Market,2024-11-06T06:08:06Z,Insurance Journal,"American International Group CEO Peter Zaffino said he expects the reinsurance market to remain above losses generated by the frequency and severity of natural catastrophes. Losses will instead continue to be absorbed by primary insurance companies, he told a…",https://www.insurancejournal.com/news/national/2024/11/06/800208.htm
Anger over flood response swells as Spain explodes in protests,2024-11-06T06:07:57Z,Biztoc.com,"There has been a shift over the past few years away from questioning whether human-driven climate change is real (although there are still plenty of people who insist it is not) to questioning what — if anything — can be done now that the change is here.
In S…",https://biztoc.com/x/ea2bf1c9c95ee256
China’s developers are borrowing more to sate thirst for capital after flood gates opened,2024-11-06T06:07:55Z,Biztoc.com,"Bond financing in the property sector rose for the second month in October, rising 3.2 per cent from last year to 29 billion yuan, according to the China Index Academy.",https://biztoc.com/x/e87a3ee2d646be41
"Trump wins Georgia in 2024 presidential election, reclaiming the swing state after 2020 loss",2024-11-06T06:03:56Z,New York Post,Trump's comeback in Georgia follows his razor-thin loss in 2020.,https://nypost.com/2024/11/06/us-news/donald-trump-wins-georgia-in-the-2024-presidential-election-reversing-2020-loss/
[Removed],2024-11-06T06:03:24Z,[Removed],[Removed],https://removed.com
[Removed],2024-11-06T06:00:52Z,[Removed],[Removed],https://removed.com
"NY Governor: $20 Million Available in Home Resiliency Grants, Loans",2024-11-06T06:00:33Z,Insurance Journal,New York Governor Kathy Hochul announced on Monday that up to $20 million is available for eligible homeowners in flood-prone areas to make proactive flood mitigation and energy-efficiency improvements to their homes. The money is the latest round of funding …,https://www.insurancejournal.com/news/east/2024/11/06/800212.htm
Hawaiian Electric Finalizes $2 Billion Maui Fire Settlement,2024-11-06T06:00:29Z,Insurance Journal,"Hawaiian Electric Industries formalized a $2 billion agreement to settle damage claims from a wildfire that razed the historic town of Lahaina and killed more than 100 people. The utility-owner had reached a tentative agreement in August in which it, …",https://www.insurancejournal.com/news/west/2024/11/06/800201.htm
Anger over flood response swells as Spain explodes in protests,2024-11-06T06:00:00Z,The Week Magazine,The Spanish government is reeling as furious citizens look for answers in the wake of October's catastrophic flooding,https://theweek.com/politics/spain-flooding-protests-anger-blame
"West not taking seriously enough the threat of a nuclear attack by Moscow, warns former Russian president",2024-11-06T06:00:00Z,Naturalnews.com,"Former Russian President Dmitry Medvedev believes that Western leaders are greatly underestimating Moscow’s ability and willingness to cross the red of line of launching a nuclear attack. In speaking to Russian media, Medvedev, who now serves as deputy chairm…",https://www.naturalnews.com/2024-11-06-medevedev-west-not-taking-nuclear-threat-seriously.html
[Removed],2024-11-06T06:00:00Z,[Removed],[Removed],https://removed.com
Dogecoin and other memecoins surge as crypto traders position for a Trump election victory,2024-11-06T05:59:01Z,CNBC,Dogecoin surged more than 30% at one point after bitcoin rallied to a new all-time high.,https://www.cnbc.com/2024/11/06/dogecoin-and-other-memecoins-surge-as-crypto-traders-position-for-a-trump-election-victory.html
Spain unveils €10.6bn flood relief package,2024-11-06T05:57:18Z,Biztoc.com,"The Spanish government on Tuesday approved a €10.6 billion aid package to help flood victims rebuild their lives along the country's devastated eastern coast.
Prime Minister Pedro Sánchez (PSOE/S&D) announced the aid package and a series of other measures at …",https://biztoc.com/x/7c6d68963b06d06a
The extreme floods which devastated Spain are hitting more often. Is Australia ready for the next one?,2024-11-06T05:56:08Z,The Conversation Africa,"To prepare for more intense floods supercharged by climate change, we have to build infrastructure able to tolerate new extremes",https://theconversation.com/the-extreme-floods-which-devastated-spain-are-hitting-more-often-is-australia-ready-for-the-next-one-242686
Rare November hurricane set to hit the US – here’s the projected path - The Independent,2024-11-06T05:53:02Z,Slashdot.org,Rare November hurricane set to hit the US – here’s the projected pathThe Independent Hurricane Rafael Barrels Through Cayman IslandsNDTV Rafael upgraded to hurricane; could undergo 'rapid intensification.' Is US at risk?USA TODAY Oil and gas producers cut US …,https://slashdot.org/firehose.pl?op=view&amp;id=175412853
Spain unveils €10.6bn flood relief package,2024-11-06T05:50:48Z,EURACTIV,The tragedy is being used by politicians as a way to sow discord within the government.,https://www.euractiv.com/section/politics/news/spain-unveils-e10-6bn-flood-relief-package/
Huracán Rafael Gráficos,2024-11-06T05:47:50Z,Noaa.gov,"Pista de cinco días de la incertidumbre publicado en Wed, 06 Nov 2024 05:47:50 GMT

 
Probabilidades de la velocidad del viento publicado en Wed, 06 Nov 2024 03:23:00 GMT",https://www.nhc.noaa.gov/refresh/graphics_at3+shtml/054750.shtml?cone
Live updates from election night: Amendment 3 passes in Missouri; Kehoe wins governor race,2024-11-06T05:45:00Z,STLtoday.com,"Live updates for the Tuesday, Nov. 5, 2024, election for St. Louis, St. Charles, Jefferson and Franklin counties and Missouri statewide races, including governor and Amendment 3.",https://www.stltoday.com/news/local/government-politics/elections/live-updates-from-election-night-amendment-3-passes-in-missouri-kehoe-wins-governor-race/article_7a25f250-985c-11ef-a2e4-33088caa9e81.html
Live updates as Amendment 3 passes in Missouri; Kehoe wins governor race,2024-11-06T05:45:00Z,STLtoday.com,"Live updates for the Tuesday, Nov. 5, 2024, election for St. Louis, St. Charles, Jefferson and Franklin counties and Missouri statewide races, including governor and Amendment 3.",https://www.stltoday.com/news/local/government-politics/elections/live-updates-as-amendment-3-passes-in-missouri-kehoe-wins-governor-race/article_7a25f250-985c-11ef-a2e4-33088caa9e81.html
"Extreme weather has already cost vulnerable island nations $141 billion – or about $2,000 per person",2024-11-06T05:38:46Z,The Conversation Africa,Around 38% of these costs can be attributed to climate change – new study.,https://theconversation.com/extreme-weather-has-already-cost-vulnerable-island-nations-141-billion-or-about-2-000-per-person-242640
Extreme weather has already cost vulnerable island nations US$141 billion – and 38% is attributable to climate change,2024-11-06T05:38:46Z,The Conversation Africa,We have tracked the rising costs of climate-induced extreme weather in vulnerable island nations.,https://theconversation.com/extreme-weather-has-already-cost-vulnerable-island-nations-us-141-billion-and-38-is-attributable-to-climate-change-242640
"Airbnb: What changes with the new tax bill – Fine up to €40,000 for new properties in the centre of Athens",2024-11-06T05:31:51Z,Protothema.gr,"The bans on short-term property leases from 2025 - What is foreseen for closed properties and ENFIA
The post Airbnb: What changes with the new tax bill – Fine up to €40,000 for new properties in the centre of Athens appeared first on ProtoThema English.",https://en.protothema.gr/2024/11/06/airbnb-what-changes-with-the-new-tax-bill-fine-up-to-e40000-for-new-properties-in-the-centre-of-athens/
Crude oil futures fall as industry data shows inventory gain in US,2024-11-06T05:30:11Z,BusinessLine,"Crude oil futures drop as US inventories rise, market awaits election results, impacting oil prices and commodity trading.",https://www.thehindubusinessline.com/markets/commodities/crude-oil-futures-fall-as-industry-data-shows-inventory-gain-in-us/article68835277.ece
VAW-123 Sends their Last E-2C Hawkeye to the Boneyard,2024-11-06T05:30:05Z,Globalsecurity.org,"Airborne Command & Control Squadron (VAW) 123 transferred two of their four E-2C Hawkeye aircraft to the Davis-Monthan Air Force Base, the largest aircraft boneyard in the world in Tucson, in September.",https://www.globalsecurity.org/military/library/news/2024/11/mil-241105-usn02.htm
Cardi B Says ‘This Is Why Some of Y’all States Be Getting Hurricanes’ in Now-Deleted Video as Election Results Come in,2024-11-06T05:27:42Z,Variety,"Cardi B shared, then promptly deleted a video message seemingly addressing early election results on Tuesday night. “This is why some of y’all states be getting hurricanes,” the “WAP” rapper said in the video, posted on X with a face-distorting filter over he…",https://variety.com/2024/politics/news/cardi-b-deleted-hurricane-video-election-results-1236202140/
UNRWA warns of humanitarian collapse in Gaza,2024-11-06T05:27:17Z,Globalsecurity.org,The United Nations Relief and Works Agency for Palestine Refugees in the Near East (UNRWA) has warned that halting its operations could lead to a total collapse of food and humanitarian aid distribution for Gaza.,https://www.globalsecurity.org/military/library/news/2024/11/mil-241105-presstv06.htm
Serbian protesters clash with police over train station disaster,2024-11-06T05:23:41Z,Biztoc.com,"Protesters carried banners reading ""The blood is on your hands,"" and ""You will answer for this,"" and chanted ""Thieves,"" and ""Arrest (President Aleksandar) Vučić"".",https://biztoc.com/x/81f1f9864760072f
All eyes on counts in remaining battleground states after Trump wins North Carolina,2024-11-06T05:21:13Z,PBS,"Donald Trump won the battleground state of North Carolina on Tuesday, fending off a challenge from Kamala Harris, who was looking to flip the state and expand her pathways to 270 electoral votes.",https://www.pbs.org/newshour/politics/all-eyes-on-counts-in-remaining-battleground-states-after-trump-wins-north-carolina
"Washington Voters Defend ""Gold Standard"" Climate Law, Underscoring that Ambitious Action is Popular",2024-11-06T05:20:19Z,Environmental Defense Fund,Statement from EDF President Fred Krupp,https://www.edf.org/media/washington-voters-defend-gold-standard-climate-law-underscoring-ambitious-action-popular
Washingtonians Uphold State's Climate Change Program,2024-11-06T05:17:24Z,Reason,"Initiative 2117 would have struck down the state’s cap-and-trade greenhouse gas emissions program, which has been criticized for its high cost and unclear results.",https://reason.com/2024/11/06/washingtonians-uphold-states-climate-change-program/
Serbian protesters clash with police over train station disaster,2024-11-06T05:14:30Z,EURACTIV,"Protesters carried banners reading ""The blood is on your hands,"" and ""You will answer for this,"" and chanted ""Thieves,"" and ""Arrest (President Aleksandar) Vučić"".",https://www.euractiv.com/section/global-europe/news/serbian-protesters-clash-with-police-over-train-station-disaster/
Donald Trump wins US election – what the expert says,2024-11-06T05:13:57Z,The Conversation Africa,"A summary of what the Conversation is publishing on the US election, as it goes live.",https://theconversation.com/donald-trump-wins-us-election-what-the-expert-says-241711
Donald Trump wins US election – what the experts say,2024-11-06T05:13:57Z,The Conversation Africa,"A summary of what the Conversation is publishing on the US election, as it goes live.",https://theconversation.com/donald-trump-wins-us-election-what-the-experts-say-241711
US election: Trump declares victory; ‘There’s never been anything like this’,2024-11-06T05:13:57Z,The Conversation Africa,"A summary of what the Conversation is publishing on the US election, as it goes live.",https://theconversation.com/us-election-trump-declares-victory-theres-never-been-anything-like-this-241711
China focuses on threat of unrest as US voters head to polls,2024-11-06T05:13:04Z,Globalsecurity.org,"As American voters head to the polls on Tuesday, ""U.S. election"" has emerged as a hot search topic on China's Weibo, with official media mostly focusing on preparations for potential violence and unrest in Washington.",https://www.globalsecurity.org/wmd/library/news/china/2024/11/china-241105-rfa01.htm
Hurricane Rafael forms in the Caribbean Sea and expected to enter the Gulf of Mexico - NPR,2024-11-06T05:12:32Z,Slashdot.org,Hurricane Rafael forms in the Caribbean Sea and expected to enter the Gulf of MexicoNPR Rafael Now A Hurricane As It Heads Toward GulfThe Weather Channel Hurricane Rafael Barrels Through Cayman IslandsNDTV Hurricane Rafael forms on way to Cuba. See what Flori…,https://slashdot.org/firehose.pl?op=view&amp;id=175412689
[Removed],2024-11-06T05:09:22Z,[Removed],[Removed],https://removed.com
Florida’s Puerto Rican County Swings Dramatically For Trump Despite Democrats’ ‘Garbage’ Smears,2024-11-06T05:07:02Z,The Federalist,The Osceola County results indicate that Democrats' 'racism' pearl-clutching and broken policies don't work for nonwhite voters anymore.,https://thefederalist.com/2024/11/06/floridas-puerto-rican-county-swings-dramatically-for-trump-despite-democrats-garbage-smears/
America Meets Its Judgment Day,2024-11-06T05:05:34Z,Mother Jones,"Every election is a Judgment Day, but this one more so than any other in the history of the nation. Never before has a major party run a nominee described by retired military leaders who worked with him as a “fascist” and a serious threat to American democrac…",https://www.motherjones.com/politics/2024/11/judgement-day-for-american-democracy-trump-harris-election-2024/
"Briefing by Lieutenant General Igor Kirillov, Chief of the Nuclear, Chemical, and Biological Protection Troops, on threat of nuclear provocations by Ukraine",2024-11-06T05:05:12Z,Globalsecurity.org,Materials for briefing on threat of nuclear provocations by Ukraine,https://www.globalsecurity.org/wmd/library/news/ukraine/2024/11/ukraine-241105-russia-mod02.htm
"Old/New Testament Reading for Wednesday November 6, 2024 (NIV)",2024-11-06T05:00:00Z,Biblegateway.com,,https://www.biblegateway.com/reading-plans/old-new-testament/2024/11/06/
"Red One Will Remind You of Other, Better Movies",2024-11-06T05:00:00Z,Vulture,"If Red One were a disaster, it’d be more interesting. Instead, it’s a technically passable action-comedy transparently stitched together from parts scavenged from other movies.",http://www.vulture.com/article/review-netflixs-red-one-will-remind-you-of-better-movies.html
Further Predictions! Everything That ISN’T Newbery/Caldecott 2025,2024-11-06T05:00:00Z,Slj.com,Take your mind off of politics with this utter ridiculous prediction post zeroing in on the potential ALA Youth Media Award winners.,https://afuse8production.slj.com/2024/11/06/further-predictions-everything-that-isnt-newbery-caldecott-2025/
"Chronological Reading for Wednesday November 6, 2024 (NIV)",2024-11-06T05:00:00Z,Biblegateway.com,,https://www.biblegateway.com/reading-plans/chronological/2024/11/06/
Honda Still Optimistic About Sales Despite Weak Second Quarter,2024-11-06T04:55:28Z,Financial Post,Honda Motor Co. raised its full-year guidance despite turning in second-quarter results that fell short of analyst estimates. Its shares slumped as much as 8.2%.,https://financialpost.com/pmn/business-pmn/honda-still-optimistic-about-sales-despite-weak-second-quarter
Indonesia to permanently relocate thousands of residents after volcanic eruptions,2024-11-06T04:54:56Z,VOA News,"JAKARTA, Indonesia — The Indonesian government plans to permanently relocate thousands of residents after a series of eruptions of Mount Lewotobi Laki-laki volcano which killed nine people and damaged thousands of houses, officials said.


Mount Lewotobi Laki…",https://www.voanews.com/a/indonesia-to-permanently-relocate-thousands-of-residents-after-volcanic-eruptions/7853324.html
Fox News projects Trump to win key state of North Carolina,2024-11-06T04:48:04Z,Fox News,Fox News projects former President Trump to defeat Vice President Harris in the state of North Carolina and win its key 16 electoral votes.,https://www.foxnews.com/politics/former-president-trump-projected-win-north-carolina-3rd-presidential-election-row
‘Fish swimming in our backyards:’ Flooding causes extensive damage to Ewa Beach homes,2024-11-06T04:47:58Z,KHON2,"""I see out the side door this huge wall of water coming in, and I start panicking. I see like this literal tsunami coming from the road, and at that point, I...",https://www.khon2.com/local-news/fish-swimming-in-our-backyards-flooding-causes-extensive-damage-to-ewa-beach-homes/
[Removed],2024-11-06T04:47:48Z,[Removed],[Removed],https://removed.com
Harris campaign chair to staff: ‘Get ready to close out strong tomorrow’,2024-11-06T04:44:24Z,Freerepublic.com,"The chair of Democratic Vice President Kamala Harris’ campaign sent out a letter to staff on Tuesday night, assuring them that the current closeness of the race is “exactly what we prepared for.” In the email, campaign manager Jen O’Malley Dillon said staff h…",https://freerepublic.com/focus/f-news/4276064/posts
"Trump wins North Carolina, a critical victory in the politically competitive Southern battleground",2024-11-06T04:40:52Z,Business Insider,North Carolina has 16 electoral votes and was expected by analysts to be a pure toss-up state.,https://www.businessinsider.com/north-carolina-presidential-election-results-2024-11
Hurricane Rafael barrels through Cayman Islands,2024-11-06T04:33:00Z,The Star Online,"(Reuters) -Hurricane Rafael is passing through the Cayman Islands in the Caribbean and is forecast to rapidly intensify before making landfall in western Cuba, according to the U.S. National Hurricane Center. Read full story",https://www.thestar.com.my/news/world/2024/11/06/hurricane-rafael-barrels-through-cayman-islands
CNN accused of withholding critical documents needed to determine value ahead of defamation trial,2024-11-06T04:31:50Z,Fox News,U.S. Navy veteran Zachary Young's legal team accused CNN of withholding financial documents in accordance with financial discovery during a hearing in the defamation lawsuit.,https://www.foxnews.com/media/cnn-accused-of-withholding-critical-documents-needed-to-determine-value-ahead-of-defamation-trial
A new city springs from the rainforest to become Indonesia's tech hub,2024-11-06T04:30:13Z,Theregister.com,"Jakarta who? Indonesia's new capital, Nusantara, is packed with tech If an entire major city was designed from scratch today, what technologies would be built into its fabric? We're discovering as we watch Indonesia erect a new capital with tech at its heart.…",https://www.theregister.com/2024/11/06/indonesias_new_capital_nusantara/
Live election results: San Diego Mayor,2024-11-06T04:30:13Z,KPBS,"With the first 2024 general election results coming in, the race for San Diego Mayor is beginning to unfold. Early voting and mail-in ballots are being tallied, but final results won't be certified until Dec. 5. Stay tuned as we track the latest updates on th…",https://www.kpbs.org/news/politics/2024/11/05/live-election-results-san-diego-mayor
Georgia Secretary Of State Raffensperger Blames Russians For Bomb Threats - Which Russians ? (Satire),2024-11-06T04:29:51Z,Freerepublic.com,Georgia Secretary of State Brad Raffensperger (is that his real name or is it a stage name?) reported Tuesday that bomb threats originating from Russia temporarily disrupted voting at two polling places in Union City. Were these Russian would-be bombers Democ…,https://freerepublic.com/focus/f-bloggers/4276062/posts
Election Open Thread,2024-11-06T04:24:02Z,Wehuntedthemammoth.com,"I’m sorry I didn’t upload this before, if there are some amongst you who want to discuss the, er, situation. I have been obsessing about this election for months now and I think that now we’re here I find I’m too anxious to watch the returns coming in as a Tr…",https://www.wehuntedthemammoth.com/2024/11/05/election-open-thread/
Fox News Panel Hails Trump For Returning From Jan. 6 Riot Low: ‘Greatest Comeback…in HISTORY!’,2024-11-06T04:22:03Z,Mediaite,"Amid a flood of good news for Donald Trump, Fox News’ panel started hailing him as one of the greatest comeback artists of all time. “We’re not there yet,” said anchor Bret Baier Tuesday night. “We’re not calling these states. We are going to wait and see how…",https://www.mediaite.com/trump/fox-news-panel-hails-trump-for-returning-from-jan-6-riot-low-greatest-comeback-in-history/
"Trump wins North Carolina in 2024 presidential election, notching the southern swing state for the third time",2024-11-06T04:19:54Z,New York Post,The Tar Heel State carries 16 electoral votes.,https://nypost.com/2024/11/05/us-news/donald-trump-wins-north-carolina-in-the-2024-presidential-race/
[Removed],2024-11-06T04:12:26Z,[Removed],[Removed],https://removed.com
"Kick off Ausmusic Month with new albums from Confidence Man, Thelma Plum and more",2024-11-06T04:03:17Z,ABC News (AU),It's Australian music's biggest month of the year. These albums give you five great ways to celebrate.,https://www.abc.net.au/news/2024-11-06/thelma-plum-amyl-sniffers-confidence-man-a-swayze-ripple-effect/104558974
Reflecting on the Last Four Years,2024-11-06T04:01:00Z,Lewrockwell.com,"The last time I remember the United States being a positive, optimistic, and more or less unified country was in the 1990s, during the Clinton Administration. While Bill made a lot of mistakes—especially his fateful decision to expand NATO eastward—I still th…",https://www.lewrockwell.com/2024/11/no_author/reflecting-on-the-last-four-years/
"Live national election results, updates, video: Trump and Harris win reliable states",2024-11-06T04:00:00Z,Roanoke Times,Voters head to polls on Nov. 5 to decide between Vice President Kamala Harris and former President Donald Trump. The balance of power in Congress all hangs in the balance.,https://roanoke.com/news/nation-world/government-politics/election-2024-live-updates-video/article_531fb9e6-b047-5178-8af3-81be20ea6cf6.html
Cuban Gov't Closes 4 Airports Due to Approaching Hurricane Rafael,2024-11-06T03:53:31Z,Sputnikglobe.com,"MOSCOW (Sputnik) - The Cuban government has ordered a temporary closure of four airports, including Havana and Varadero, amid approaching Hurricane Rafael, the country's transport ministry said on Wednesday.",https://sputnikglobe.com/20241106/cuban-govt-closes-4-airports-due-to-approaching-hurricane-rafael---transport-ministry-1120792352.html
Elon Musk’s flood of US election tweets may look chaotic. My data reveals an alarming strategy,2024-11-06T03:51:50Z,The Conversation Africa,Musk’s tweets are worth paying very close attention to in order to understand the inner workings of the campaign to return Trump to the White House.,https://theconversation.com/elon-musks-flood-of-us-election-tweets-may-look-chaotic-my-data-reveals-an-alarming-strategy-243021
"Live updates as Mike Kehoe wins Missouri governor race, Amendment 3 holds lead",2024-11-06T03:50:00Z,STLtoday.com,"Live updates for the Tuesday, Nov. 5, 2024, election for St. Louis, St. Charles, Jefferson and Franklin counties and Missouri statewide races, including governor and Amendment 3.",https://www.stltoday.com/news/local/government-politics/elections/live-updates-as-mike-kehoe-wins-missouri-governor-race-amendment-3-holds-lead/article_7a25f250-985c-11ef-a2e4-33088caa9e81.html
‘Invisible’ migrant farmworkers cope with Hurricane Helene aftermath,2024-11-06T03:44:38Z,Biztoc.com,"As climate change worsens natural disasters, immigrant farm and forestry workers say they feel forgotten by officials who are focused on helping farm owners.",https://biztoc.com/x/47b174a9199403b5
Hidden Detail in Famous Michelangelo Seems to Depict a Deadly Disease,2024-11-06T03:38:19Z,ScienceAlert,"For centuries, the faithful and the curious have crowded to gaze up at the Sistine Chapel's ceiling in awe of Michelangelo Buonarroti's reimagining of scenes from Genesis.",https://www.sciencealert.com/hidden-detail-in-famous-michelangelo-seems-to-depict-a-deadly-disease
Brian Cashman is looking at Yankees’ disastrous issues all wrong,2024-11-06T03:35:13Z,New York Post,Brian Cashman kept defaulting to the big picture.,https://nypost.com/2024/11/05/sports/brian-cashman-is-missing-point-with-big-picture-view-of-world-series-issues-that-cost-yankees/
China Heritage – Waiting for the Barbarians in a Garbage Time of History,2024-11-06T03:27:53Z,Chinaheritage.net,"Intersecting with Eternity 歷史的垃圾時間   This chapter in Intersection with Eternity is paired with MAGADU — Kubla Khan, Xanadu & the 2024 American presidential election, part of our series Spectres & Souls, our account of",https://chinaheritage.net/journal/waiting-for-the-barbarians-in-a-garbage-time-of-history/
"He Considers His Boss A Friend, But She Throws Away The Lunch His Wife Prepared For Him. So He Decides To Teach Her A Lesson About Messing With A Man’s Meal.",2024-11-06T03:21:20Z,Twistedsifter.com,A recipe for disaster indeed.,http://twistedsifter.com/2024/11/this-man-considers-his-boss-a-friend-but-when-she-sneakily-throws-away-his-strong-scented-lunch-that-his-wife-prepared-for-him-he-decides-to-teach-her-a-lesson/
"Flash flooding kills 5 in Missouri, including 2 poll workers",2024-11-06T03:18:38Z,CBS News,A couple in their 70s who served as election poll workers were among at least five people killed in Missouri after torrential rains caused flash flooding across the state.,https://www.cbsnews.com/news/missouri-flash-flooding-kills-5-including-2-poll-workers/
Hurricane Rafael Graphics,2024-11-06T03:13:57Z,Noaa.gov,"5-Day Uncertainty Track last updated Wed, 06 Nov 2024 03:13:57 GMT

 
Wind Speed Probabilities last updated Wed, 06 Nov 2024 03:23:00 GMT",https://www.nhc.noaa.gov/refresh/graphics_at3+shtml/031357.shtml?cone
Bitcoin Price Hits New All-Time High Amid US Election Hype,2024-11-06T03:08:38Z,Decrypt,Bitcoin just topped its previous peak price from March in the latest surge amid strong ETF demand and a crypto-tinged U.S.,https://decrypt.co/288826/bitcoin-all-time-high-price-ahead-us-election
CenterPoint Energy Continuing to Plan and Prepare for Impacts from Tropical Storm Rafael Across its Multi-State Gulf Coast Service Area,2024-11-06T03:04:04Z,Investing.com,CenterPoint Energy Continuing to Plan and Prepare for Impacts from Tropical Storm Rafael Across its Multi-State Gulf Coast Service Area,https://www.investing.com/news/press-releases/centerpoint-energy-continuing-to-plan-and-prepare-for-impacts-from-tropical-storm-rafael-across-its-multistate-gulf-coast-service-area-93CH-3704067
Zinc Creep and Electroplasticity: Why Arecibo Collapsed,2024-11-06T03:00:22Z,Hackaday,"It’s been nearly four years since the Arecibo Telescope collapsed, an event the world got to witness in unprecedented detail thanks to strategically positioned drones. They captured breathtaking video of …read more",https://hackaday.com/2024/11/05/zinc-creep-and-electroplasticity-why-arecibo-collapsed/
Philippines approves purchase of 40 patrol boats amid China spat,2024-11-06T02:50:00Z,Bangkok Post,"<p>MANILA &mdash; The Philippines has approved the purchase of 40 fast patrol craft worth 25.8 billion pesos (US$441 million), seeking to bolster maritime security as tensions with Beijing in the South China Sea linger.</p>",https://www.bangkokpost.com/world/2897056/philippines-approves-purchase-of-40-patrol-boats-amid-china-spat
[Removed],2024-11-06T02:39:38Z,[Removed],[Removed],https://removed.com
Mozambique government faces fresh protests over election result,2024-11-06T02:37:00Z,DW (English),"Opposition protests are escalating over Mozambique's presidential election, which incumbent Daniel Chapo of the FRELIMO party won. The nation's repressive regime continues to quell the demonstrations with force. Mozambique might be facing an escalation of the…",https://www.dw.com/en/mozambique-election-result-fresh-opposition-protests/a-70692769
Mozambique: government faces fresh protests,2024-11-06T02:37:00Z,DW (English),"Protests by opposition groups against the ruling party FRELIMO's victory in the presidential elections could escalate: Unwilling to engage, the country's repressive regime continues to quell demonstrations with violence. Mozambique might be facing an escalati…",https://www.dw.com/en/mozambique-government-faces-fresh-protests/a-70692769
Voting Site in Key Swing State of Pennsylvania Evacuated After ‘Disruptors’ Storm Polling Station,2024-11-06T02:27:12Z,Freerepublic.com,"A voting site in Centre County, Pennsylvania was evacuated after a group of unidentified “disruptors” stormed the polling station, Daily Mail reported. According to the Centre County Report, local police ordered the evacuation around 7 p.m. ET as multiple ind…",https://freerepublic.com/focus/f-bloggers/4276053/posts
US polls: Trump and Harris secure early victories amid tense race,2024-11-06T02:21:00Z,The Star Online,"WASHINGTON: Former President Donald Trump and Vice President Kamala Harris have secured initial victories in reliably Republican and Democratic states, respectively, as the US makes its decision in a pivotal election. Read full story",https://www.thestar.com.my/news/world/2024/11/06/us-polls-trump-and-harris-secure-early-victories-amid-tense-race
[Event Report] Engineers Weaving Fast Retailing’s Digital Transformation: A Global Challenge (Part 2),2024-11-06T02:19:27Z,Amazon.com,"Amazon Web Services Japan G.K. hosted Fast Retailing Co., Ltd. on July 24, 2024 for its 4.5 hour lecture on the theme of ""Engineers Weaving Fast Retailing's Digital Transformation: A Global Challenge"". This blog post reports on the contents of the lecture, fo…",https://aws.amazon.com/jp/blogs/news/fastretailing-event-20240724-en-part2/
Tropical Storm Rafael Strengthens to Hurricane on Path to Cuba,2024-11-06T02:16:40Z,Biztoc.com,"Tropical Storm Rafael was upgraded to a Category 1 Hurricane this week on its current path towards Cuba.
This marked yet another setback for Cuba, already grappling with widespread blackouts and still recovering from a hurricane two weeks prior that left at l…",https://biztoc.com/x/4aabc356614f6005
Tropical Storm Rafael Strengthens to Hurricane on Path to Cuba,2024-11-06T02:14:33Z,Newsweek,"As of Tuesday morning, the storm was positioned 20 miles (35 kilometers) southeast of Little Cayman in the Cayman Islands.",https://www.newsweek.com/tropical-storm-rafael-strengthens-hurricane-path-cuba-1981026
"Works ministry identifies 1,577 high-risk slopes in Malaysia – RM104.84 mil on repair works as of Sept",2024-11-06T02:08:38Z,Paul Tan's Automotive News,"The works ministry (KKR) has said that a total of 1,577 slopes along federal roads nationwide have been identified as high risk, Bernama reports. These high-risk slopes are part of the 34,714 slopes monitored through […]
The post Works ministry identifies 1,5…",https://paultan.org/2024/11/06/works-ministry-identifies-1577-high-risk-slopes-in-malaysia/
Crypto's $245 million campaign finance operation filled airwaves with ads not about crypto,2024-11-06T02:00:53Z,CNBC,"The crypto sector emerged as a top donor this election cycle, but the ads it funded weren't about digital currencies.",https://www.cnbc.com/2024/11/05/cryptos-245-million-campaign-finance-operation-funded-non-crypto-ads.html
US election: Kamala Harris’ embarrassing ‘fake’ phone call gaffe at Election Day event,2024-11-06T01:57:13Z,New Zealand Herald,"Was the call staged, like Trump's McDonald's drive-through stunt?",https://www.nzherald.co.nz/world/us-election-kamala-harris-embarrassing-fake-phone-call-gaffe-at-election-day-event/O576TD2QK5EXNIH7ZFKPYWBCXY/
"7 at 7: Musk’s volte-face, TPG’s green platform, India vs Wikipedia, more",2024-11-06T01:55:21Z,The Times of India,"From Musk’s change of tack on affordable cars to Spanish banks steps for flood hit citizens; from the latest in Swiggy’s IPO run-up to TPG’s green platform; from L&T’s latest buy to the India-Wikipedia tussle, here’s your news capsule for the day",https://economictimes.indiatimes.com/news/podcasts/7-at-7-musks-volte-face-tpgs-green-platform-india-vs-wikipedia-more/podcast/114998088.cms
'PRAISE GOD!' Florida defeats radicals' attempt to enshrine nearly limitless abortion as a right,2024-11-06T01:55:14Z,TheBlaze,"A coalition comprising the ACLU of Florida, Planned Parenthood, Florida Women's Freedom Coalition, and various other radical outfits campaigned to scrap legal protections for the unborn and effectively legalize late-term abortion through a constitutional amen…",https://www.theblaze.com/news/praise-god-florida-defeats-radicals-attempt-to-enshrine-nearly-limitless-abortion-as-a-right
Trump's media stock Truth Social is set for even wilder ride after the election,2024-11-06T01:53:41Z,The Times of India,"If Trump is victorious, it could drive traffic and badly needed advertising dollars to Truth Social, which has become the former president's main online megaphone for promoting himself and attacking his political foes. A victory by Trump could also provide a …",https://economictimes.indiatimes.com/markets/stocks/news/trump-medias-stock-truth-social-is-set-for-even-wilder-ride-after-the-election/articleshow/114998069.cms
Rafael strengthens to a Category 1 hurricane - NBC News,2024-11-06T01:53:19Z,Slashdot.org,"Rafael strengthens to a Category 1 hurricaneNBC News Rafael will become a hurricane soon, but the storm and its path toward the US could change drasticallyCNN Tropical Storm Rafael nearing hurricane strength. See what Florida can expectNews-Press Hurricane Ra…",https://slashdot.org/firehose.pl?op=view&amp;id=175411915
The Unchained Word of Life,2024-11-10T13:57:39Z,Dougwils.com,"Acts of the Apostles (12): Introduction: The Founder of the Christian faith, the Lord Jesus, was murdered by the authorities. This is a fact that cannot be emphasized too much. After His resurrection, He ascended into Heaven, and the second generation of Chri…",https://dougwils.com/the-church/s8-expository/world-of-life.html
Watch: Tens of thousands protest in Valencia over flood response,2024-11-10T13:43:23Z,Yahoo Entertainment,,https://consent.yahoo.com/v2/collectConsent?sessionId=1_cc-session_a56eb272-59fa-48e0-94ce-9fbcc9626a95
US official ordered relief workers to skip MAGA houses after hurricane - media,2024-11-10T13:43:06Z,RT,The Daily Wire claims a Federal Emergency Management Agency staffer told employees to ignore houses with Trump signs after Hurricane Milton Read Full Article at RT.com,https://www.rt.com/news/607431-daily-wire-maga-hurricane-victims-discrimination/
The devastation brought by Spain’s floods of the century,2024-11-10T13:35:32Z,Al Jazeera English,At least 212 people died in deadliest deluge in a European country since floods in Portugal in 1967 killed about 500.,https://www.aljazeera.com/gallery/2024/11/10/the-devastation-brought-by-spains-floods-of-the-century
"Philippines to evacuate 2,500 villages ahead of severe storm Toraji",2024-11-10T13:35:22Z,VOA News,"Manila — The residents of 2,500 villages were ordered to evacuate their homes as severe tropical storm Toraji approached the northern Philippines, the government said Sunday, after three massive cyclones battered the country in less than a month.


Nearly 700…",https://www.voanews.com/a/philippines-to-evacuate-2-500-villages-ahead-of-severe-storm-toraji/7858725.html
Hospitals face months of IV fluid shortages after Helene damages N.C. factory,2024-11-10T13:34:20Z,NPR,"Hospitals have been forced to innovate with new ways of hydrating patients and giving them medications, after a key factory that produces IV fluid bags flooded during Hurricane Helene. (This story first aired on Morning Edition on Nov. 7, 2024.)",https://www.npr.org/2024/11/10/nx-s1-5179041-e1/hospitals-face-months-of-iv-fluid-shortages-after-helene-damages-n-c-factory
Hurricane Helene caused big losses for North Carolina's fall tourism industry,2024-11-10T13:34:00Z,NPR,"Tourists stayed away from western North Carolina this year after Helene swept through the area, and towns that depend on leaf lookers are bracing for big losses.",https://www.npr.org/2024/11/10/nx-s1-5184425/hurricane-helene-caused-big-losses-for-north-carolinas-fall-tourism-industry
How to stay out of trouble when you travel in 2025,2024-11-10T13:30:00Z,Elliott.org,"I should have known she was going to be trouble. I was stuck in seat 36J on a flight from Tampa to Zürich, Switzerland, and before the plane even started down the rain-slickened runway, the passenger in front of me turned to her companion and asked, ""How do I…",https://www.elliott.org/on-travel/how-to-stay-out-of-trouble-when-you-travel-in-2025/
"Hungry Palestinians in north Gaza search for food, sealed off from aid for a month by Israeli siege",2024-11-10T13:10:28Z,ABC News,"Palestinians in northern Gaza are rationing out their last supplies of food to survive, with no aid entering the area for the past month under an Israeli siege",https://abcnews.go.com/International/wireStory/hungry-palestinians-north-gaza-search-food-sealed-off-115707295
"Canadian Transit Think Tank CUTRIC Chooses Inaccuracy, Irrelevancy, & Attack",2024-11-10T13:06:13Z,CleanTechnica,"Over the past three weeks, I’ve been assessing various aspects of the Canadian Urban Transit Research and Innovation Consortium’s (CUTRIC) positions, research, and publications on transit bus decarbonization. I’ve published ten articles directly about CUTRIC’…",https://cleantechnica.com/2024/11/10/canadian-transit-think-tank-cutric-chooses-inaccuracy-irrelevancy-attack/
"What Trump’s second term means for Colorado immigrants, public lands, abortion access and Space Command",2024-11-10T13:00:42Z,The Denver Post,"Here's how the coming second term of President-elect Donald Trump could impact Colorado's immigrants, public lands, abortion access and hosting of the U.S. Space Command headquarters.",https://www.denverpost.com/2024/11/10/donald-trump-election-colorado-public-lands-immigration-abortion-space-command/
Colorado wildfires are more extreme than ever. Here’s how state leaders are fighting back.,2024-11-10T13:00:30Z,The Denver Post,"Colorado wildfires are becoming more extreme, and fire officials must seek new and better ways to prevent and fight them.",https://www.denverpost.com/2024/11/10/colorado-wildfires-climate-change-alexander-mountain/
Was Jurassic Park III’s Most Controversial Scene REALLY That Bad?,2024-11-10T13:00:00Z,ComicBook.com,"What an odd franchise Jurassic Park is. The saga started with one of the most beloved motion pictures in history, with a Steven Spielberg directorial effort that still endures as one of the best big-budget movies ever produced. Subsequent entries in the Juras…",http://comicbook.com/movies/news/jurassic-park-3-iii-talking-raptor-scene-explained-reactions-memes-sam-neill/
Insignificant Events In The Life Of A Cactus To Be A Graphic Novel,2024-11-10T12:57:08Z,Bleeding Cool News,"Dusti Bowling is writing a graphic novel adaptation of his own middle-grade novel Insignificant Events in the Life of a Cactus, to be drawn by Charlotte Blocker. The story follows a spirited girl ""born without arms and a boy with Tourette syndrome navigating …",https://bleedingcool.com/comics/insignificant-events-in-the-life-of-a-cactus-to-be-a-graphic-novel/
How Badly Harris Lost and Why,2024-11-10T12:38:03Z,Freerepublic.com,"Around the world, even before he’s sworn into office, the Trump win is having significant impact. Donald Trump appears to have been the first Republican in 20 years to win the popular vote. Scouring the internet, the only Democrat figure who seems to be smili…",https://freerepublic.com/focus/f-chat/4277367/posts
"What You Need To Know About Preparing For Emergencies, According To A Top Survivalist",2024-11-10T12:37:23Z,Activistpost.com,"Authored by Krista Thomas via The Epoch Times (emphasis ZeroHedge) The Expert EJ Snyder knows a thing or two about survival. After 25 years in the...
What You Need To Know About Preparing For Emergencies, According To A Top Survivalist",https://activistpost.com/2024/11/what-you-need-to-know-about-preparing-for-emergencies-according-to-a-top-survivalist.html
The Bernie vs. Nancy dispute,2024-11-10T12:09:55Z,Biztoc.com,"A fierce divide has emerged from the early autopsies of Democrats' election disaster: Was it policy — or culture — that doomed the party with working-class Americans?
Why it matters: Joe Biden touted himself as the most pro-union president in U.S. history. He…",https://biztoc.com/x/c0b642e95f5425ea
Oklahoma State football grades vs TCU: Brennan Presley only bright spot for Cowboys,2024-11-10T12:04:09Z,Oklahoman.com,"On a night Oklahoma State's bowl streak ended, there was little to like about the Cowboys' performance. The report card reflects the misery.",https://www.oklahoman.com/story/sports/college/cowboys/2024/11/10/oklahoma-state-football-grades-vs-tcu-brennan-presley-osu-cowboys-horned-frogs/76170012007/
What It Means That God Is Rich in Mercy,2024-11-10T12:00:00Z,Crossway.org,Nowhere else in the Bible is God described as rich in anything. The only thing he is called rich in is mercy. What does this mean?,https://www.crossway.org/articles/what-it-means-that-god-is-rich-in-mercy/
The Top 10 Landing Spots for Rangers SP Max Scherzer in MLB Free Agency,2024-11-10T12:00:00Z,Bleacher Report,"From 2013-22, Max Scherzer was the best pitcher in baseball. He won three Cy Youngs and nearly won several others, posting a 2.78 ERA, 0.98 WHIP and 11.3 K/9…",https://bleacherreport.com/articles/10142654-the-top-10-landing-spots-for-rangers-sp-max-scherzer-in-mlb-free-agency
FEMA Worker Fired Over Order on Pro-Trump Homes,2024-11-10T12:00:00Z,Newser,"A FEMA worker has been fired after she directed workers helping hurricane survivors not to go to homes with yard signs supporting Donald Trump, the agency's leader said Saturday. ""This is a clear violation of FEMA's core values and principles to help people r…",https://www.newser.com/story/359245/fema-worker-told-others-not-to-help-pro-trump-homes.html
Links 11/10/2024,2024-11-10T11:55:51Z,Nakedcapitalism.com,,https://www.nakedcapitalism.com/2024/11/links-11-10-2024.html
SECURITY AFFAIRS MALWARE NEWSLETTER – ROUND 19,2024-11-10T11:48:52Z,Securityaffairs.com,Security Affairs Malware newsletter includes a collection of the best articles and research on malware in the international landscape. Security Affairs Malware newsletter includes a collection of the best articles and research on malware in the international …,https://securityaffairs.com/170771/breaking-news/security-affairs-malware-newsletter-round-19.html
Why bad bosses think they are doing a great job,2024-11-10T11:43:00Z,Fast Company,"Google “bad bosses,” and most of what pops up are survival guides for employees—like how to “survive a bad boss,” as if bad leadership is just another natural disaster we need to ride out. We shouldn’t have to survive our day jobs. Leaders shouldn’t be someon…",https://www.fastcompany.com/91223943/why-bad-bosses-think-theyve-doing-a-good-job
Security Affairs newsletter Round 497 by Pierluigi Paganini – INTERNATIONAL EDITION,2024-11-10T11:28:39Z,Securityaffairs.com,"A new round of the weekly SecurityAffairs newsletter arrived! Every week the best security articles from Security Affairs are free in your email box. Enjoy a new round of the weekly SecurityAffairs newsletter, including the international press. Mazda Connect …",https://securityaffairs.com/170764/breaking-news/security-affairs-newsletter-round-497-by-pierluigi-paganini-international-edition.html
Australian Defence Force arrives in Indonesia ahead of largest joint exercises,2024-11-10T11:21:00Z,The Star Online,"BANYUWANGI (Reuters) - Members of the Australian Defence Force (ADF) arrived on Sunday with their warship docking at Banyuwangi in East Java, Indonesia for a joint military exercise, which will involve 2,000 personnel from both countries. Read full story",https://www.thestar.com.my/news/world/2024/11/10/australian-defence-force-arrives-in-indonesia-ahead-of-largest-joint-exercises
"Floods in Spain: Crypto exchange MEXC donates €100,000 to support local relief and resilience",2024-11-10T11:06:29Z,Coinjournal.net,"MEXC, a leading global cryptocurrency exchange, has pledged a €100,000 donation to support relief efforts following the devastating floods that recently struck Valencia, Spain. Heavy rainfall has caused severe flooding across parts of Spain, resulting in wide…",https://coinjournal.net/news/floods-in-spain-crypto-exchange-mexc-donates-e100000-to-support-local-relief-and-resilience/
Hurrikan-Jäger über Extrem-Einsatz: Plötzlich flog das Dach weg,2024-11-10T11:03:49Z,Berliner Morgenpost,"Von Hurrikan Beryl bis Milton: Hurrikan-Jäger Jonathan Petramala ist vor Ort. Hier erklärt er, was ihn an dem gefährlichen Job reizt.",https://www.morgenpost.de/panorama/article407514230/hurrikan-jaeger-ueber-extrem-einsatz-ploetzlich-flog-das-dach-weg.html
Veterans Day deals 2024: Restaurants with free meals include Chili's,2024-11-10T11:03:26Z,USA Today,"For Veterans Day, here's a list of of more than 80 businesses where veterans and active military personnel can get free food, discounts and more.",https://www.usatoday.com/story/money/food/2024/11/10/veterans-day-deals-2024/76072069007/
[Removed],2024-11-10T11:00:47Z,[Removed],[Removed],https://removed.com
[Removed],2024-11-10T11:00:16Z,[Removed],[Removed],https://removed.com
Hasan Piker on Kamala Harris Loss: 'You Can't Podcast Your Way Out of This',2024-11-10T11:00:02Z,Newsweek,"""You can't actively act like things are perfectly fine when things have not been fine for Americans for quite some time,"" the leftist influencer told Newsweek.",https://www.newsweek.com/hasan-piker-kamala-harris-loss-failures-podcast-twitch-streamer-progressive-politics-1983001
NFL Week 10 Player Prop Picks: 3 Best Bets for Sunday,2024-11-10T11:00:01Z,Newsweek,Newsweek's NFL betting expert provides the best NFL Week 10 player prop picks and predictions for today's betting slate.,https://www.newsweek.com/nfl-player-prop-picks-week-10-1981750
Democrats Tried to Counter Donald Trump’s Viciousness Toward Women with Condescension,2024-11-10T11:00:00Z,The New Yorker,Jill Lepore writes that the Harris campaign felt the need to remind women voters that they can vote for whomever they want. Women understood this. The campaign failed to.,https://www.newyorker.com/magazine/dispatches/democrats-tried-to-counter-donald-trumps-viciousness-toward-women-with-condescension
[Removed],2024-11-10T11:00:00Z,[Removed],[Removed],https://removed.com
"Our noble war: Israel's soldiers must uphold dignity of themselves, Palestinians",2024-11-10T10:56:13Z,The Jerusalem Post,"This conflict represents deep ideals and carries the burden of historical truths. We must wage it with clarity of vision, unwavering moral conviction, and noble behavior.",https://www.jpost.com/opinion/article-828369
Bernie Sanders' Election Take Called Out by Former Adviser: 'Have a Seat',2024-11-10T10:49:10Z,Newsweek,"Tezlyn Figaro criticized Sanders' response to the 2024 presidential election, before saying Harris ""didn't have a chance in hell.""",https://www.newsweek.com/bernie-sanders-election-take-called-out-former-advisor-1983407
Scientists warn of dangerous issue cropping up weeks after hurricane devastation — here's what you need to know,2024-11-10T10:45:31Z,Yahoo Entertainment,"""When it’s damp, the likelihood of [this] increases.”",https://www.yahoo.com/news/scientists-warn-dangerous-issue-cropping-104531462.html
Community scrambles after top insurance company refuses to pay out homeowners following destructive hurricane: 'Denied or closed with no payment',2024-11-10T10:45:02Z,Yahoo Entertainment,The combined worth of residential claims from both hurricanes Helene and Milton is estimated at nearly $2.8 billion.,https://www.yahoo.com/news/community-scrambles-top-insurance-company-104502294.html
"Israeli strike on Gaza house kills many, medics and rescuers say",2024-11-10T10:43:44Z,BBC News,Gaza's civil defence agency says 13 children were among the dead in Jabalia.,https://www.bbc.com/news/articles/cd6v3zq2jvjo?xtor=AL-72-%5Bpartner%5D-%5Byahoo.north.america%5D-%5Bheadline%5D-%5Bnews%5D-%5Bbizdev%5D-%5Bisapi%5D
"Israeli strike on Gaza house kills many, medics and rescuers say",2024-11-10T10:43:39Z,BBC News,Gaza's civil defence agency says 13 children were among the dead in Jabalia.,https://www.bbc.com/news/articles/cd6v3zq2jvjo
"DAD'S BACK!! QUICK, HIDE THE BONG!!",2024-11-10T10:40:13Z,Freerepublic.com,The response to the re-election of Donald Trump to the presidency reminds me nothing more than the response of disobedient teenagers upon finding out their father is pulling into the driveway. Consider: Putin says western civilization is not an enemy In a rec…,https://freerepublic.com/focus/f-chat/4277354/posts
"DAD'S BACK!! QUICK, HIDE THE BONG!!",2024-11-10T10:40:13Z,Freerepublic.com,The response to the re-election of Donald Trump to the presidency reminds me nothing more than the response of disobedient teenagers upon finding out their father is pulling into the driveway. Consider: Putin says western civilization is not an enemy In a rec…,https://freerepublic.com/focus/f-news/4277354/posts
"Hyatt All-Inclusive Resorts Outnumber IHG, Marriott, Hilton",2024-11-10T10:39:30Z,Liveandletsfly.com,"Hyatt all-inclusive resorts now outnumber Intercontinental Hotels Group, Marriott, and Hilton combined. But storms disrupted an otherwise ideal 2024 performance.  If you are considering booking travel LiveAndLetsFly.com appreciates your support. If you haven’…",https://liveandletsfly.com/hyatt-all-inclusive-resorts-outnumber-ihg-marriott-hilton/
weeklyOSM: weeklyOSM 746,2024-11-10T10:38:12Z,Weeklyosm.eu,31/10/2024-06/11/2024 Participants at SotM Nigeria 2024 [1] | © Calvin Menttor Mapping Requests for comments have been made on these proposals: virtual_tour=* to link to 3D virtual tours of locatio…,https://weeklyosm.eu/archives/17580
"Odisha start-up launches fully made-in-India, autonomous logistics drone service",2024-11-10T10:23:20Z,BusinessLine,"Air Orca is fully designed, developed and manufactured in India by Odisha-based start-up Bon V Aero and is equipped to serve as a first responder in post-disaster scenarios",https://www.thehindubusinessline.com/economy/logistics/odisha-start-up-launches-fully-autonomous-logistics-drone-service/article68852020.ece
10 melhores filmes antigos de boxe para assistir nos streamings,2024-11-10T10:20:00Z,Olhardigital.com.br,"Selecionamos dez filmes clássicos de boxe que vão de cinebiografias de grandes lutadores a dramas fictícios com grandes interpretações.
O post 10 melhores filmes antigos de boxe para assistir nos streamings  apareceu primeiro em Olhar Digital.",https://olhardigital.com.br/2024/11/10/cinema-e-streaming/10-melhores-filmes-antigos-de-boxe-para-assistir-nos-streamings/
[Removed],2024-11-10T10:15:55Z,[Removed],[Removed],https://removed.com
[Removed],2024-11-10T10:08:04Z,[Removed],[Removed],https://removed.com
Tether’s $1 Billion Mint Raises Excitement For SOL Ecosystem – But Could Script Network (SCPT) Be The Better Play?,2024-11-10T10:03:21Z,The Punch,"As Tether mints another $1 billion USDT, the crypto market is witnessing a renewed surge in liquidity, sparking increased speculation about the next big moves. Analysts are watching closely to see which projects might benefit most from this fresh capital inje…",https://punchng.com/tethers-1-billion-mint-raises-excitement-for-sol-ecosystem-but-could-script-network-scpt-be-the-better-play/
Google's head of research on whether 'learn to code' is still good advice in the age of AI,2024-11-10T10:01:59Z,Business Insider,Google VP and Head of Research Yossi Matias said learning to code remains 'as important as ever' despite a changing tech landscape.,https://www.businessinsider.com/google-research-head-career-advice-learn-to-code-2024-11
Bird flu among pigs should worry humans too,2024-11-10T10:00:17Z,Livemint,"While virus outbreaks have waxed and waned, in 2022 something strange started happening with vastly more birds and mammals getting infected and even dying globally. Scientists need to conduct more research to understand this virus. After covid, we know the ri…",https://www.livemint.com/opinion/online-views/bird-flu-pigs-virus-outbreak-h5n1-virus-mammals-pandemic-chickens-11731230798297.html
Indonesia's new leader calls for collaboration with China before heading to the US,2024-11-10T10:00:13Z,seattlepi.com,Indonesia's new leader has called for collaboration rather than confrontation with China. President Prabowo Subianto made the remarks at a business forum in Beijing on Sunday after the signing of $10 billion in investment deals with Chinese companies. Subiant…,https://www.seattlepi.com/news/world/article/indonesia-s-new-leader-calls-for-collaboration-19904275.php
"As Australia puts more focus on climate change, New Zealand is accused of pulling back",2024-11-10T10:00:00Z,NBC News,"In a role reversal of sorts, Australia has been taking a more aggressive stance on climate change, while its neighbor New Zealand is accused of pulling back.",https://www.nbcnews.com/news/world/australia-puts-focus-climate-change-new-zealand-accused-pulling-back-rcna177757
[Removed],2024-11-10T09:59:15Z,[Removed],[Removed],https://removed.com
Indonesia's new leader calls for collaboration with China before heading to US,2024-11-10T09:58:27Z,ABC News,Indonesia's new leader has called for collaboration rather than confrontation with China,https://abcnews.go.com/International/wireStory/indonesias-new-leader-calls-collaboration-china-heading-us-115706634
Indonesia's new leader calls for collaboration with China before heading to the US,2024-11-10T09:50:30Z,ABC News,Indonesia's new leader has called for collaboration rather than confrontation with China,https://abcnews.go.com/Business/wireStory/indonesias-new-leader-calls-collaboration-china-heading-us-115706635
How to Organize an Assembly : Preparing to Respond in an Era of Disasters and Despotism,2024-11-10T09:45:35Z,Crimethinc.com,"In an era of disasters and despotism, one way to get people connected and ready to respond is to host an open assembly. Here's how.",https://crimethinc.com/2024/11/10/how-to-organize-an-assembly-preparing-to-respond-to-an-era-of-disasters-and-despotism
Indonesia's new leader calls for collaboration with China before heading to US,2024-11-10T09:35:22Z,VOA News,"BEIJING — Indonesia's new leader called for collaboration rather than confrontation with China after the signing of $10 billion in new deals at a business forum on Sunday in the Chinese capital before heading to the U.S. 


President Prabowo Subianto told the…",https://www.voanews.com/a/indonesia-s-new-leader-calls-for-collaboration-with-china-before-heading-to-us/7858656.html
"Trump vowed to oust SEC Chairman Gary Gensler, and these crypto advocates could take his place",2024-11-10T09:33:00Z,Fortune,"While Trump in July promised to fire Gensler on day one of his second administration, he technically can’t remove Gensler (without cause) until his term ends in 2026.",https://fortune.com/2024/11/10/who-could-trump-name-to-replace-sec-chair-gary-gensler-crypto-policy-advocates/
Shimmick (SHIM) to Release Quarterly Earnings on Tuesday,2024-11-10T09:23:06Z,ETF Daily News,"Shimmick (NASDAQ:SHIM – Get Free Report) is set to post its quarterly earnings results before the market opens on Tuesday, November 12th. Analysts expect Shimmick to post earnings of ($0.38) per share for the quarter. Parties that wish to listen to the compan…",https://www.etfdailynews.com/2024/11/10/shimmick-shim-to-release-quarterly-earnings-on-tuesday/
Florida's iconic Key deer face an uncertain future as seas rise,2024-11-10T09:19:29Z,VOA News,"BIG PINE KEY, Florida — The world's only Key deer, the smallest subspecies of the white-tailed deer, are found in piney and marshy wetlands bordered by the Atlantic Ocean and Gulf of Mexico on the Florida Keys. For years, their biggest threat was being struck…",https://www.voanews.com/a/florida-s-iconic-key-deer-face-an-uncertain-future-as-seas-rise/7856241.html
U.S. agency cautions employees to limit phone use due to Salt Typhoon hack of telco providers,2024-11-10T09:12:54Z,Securityaffairs.com,US CFPB warns employees to avoid work-related mobile calls and texts following China-linked Salt Typhoon hack over security concerns. The US government’s Consumer Financial Protection Bureau (CFPB) advises employees to avoid using cellphones for work after Ch…,https://securityaffairs.com/170737/hacking/u-s-agency-limit-phone-use-due-to-salt-typhoon-hack.html
"Barranco del Poyo: las 100 inundaciones de la rambla ""furiosa"" en dos siglos y medio",2024-11-10T09:05:31Z,Elperiodico.com,"""Su profundo y ancho cauce siempre está seco, salvo en las avenidas, cuando recibe tantas aguas y corre tan furiosamente, que destruye cuanto encuentra..."". Así empieza el relato de la primera de las 100 inundaciones documentadas del barranco del Poyo en los …",https://www.elperiodico.com/es/sociedad/20241110/barranco-poyo-100-inundaciones-rambla-111554401
"Under monthlong Israeli siege, hunger reaches dire levels in North Gaza",2024-11-10T09:02:50Z,VOA News,"JERUSALEM — With virtually no food allowed into the northernmost part of Gaza for the past month, tens of thousands of Palestinians under Israeli siege are rationing their last lentils and flour to survive. As bombardment pounds around them, some say they ris…",https://www.voanews.com/a/under-monthlong-israeli-siege-hunger-reaches-dire-levels-in-north-gaza/7858652.html
An Israeli's life in Haifa under constant rocket fire,2024-11-10T09:02:11Z,The Jerusalem Post,I have been living in Haifa for the past two years. Now Iran is threatening to flatten the glorious Carmel mountain range with a crushing response. This intense war is a test of wills.,https://www.jpost.com/israel-news/article-828348
"Wetland protections are shifting, especially in Ottawa",2024-11-10T09:00:00Z,CBC News,CBC Ottawa spent time in the city's rural areas and reviewed many documents to learn how Ontario's controversial updated scorecard has affected three local wetlands.,https://www.cbc.ca/news/canada/ottawa/wetland-evaluation-series-three-tales-1.7375527
California wildfire: Firefighters gain ground as weather conditions improve,2024-11-10T08:58:24Z,The Irish Times,"Evacuation orders downgraded as firefighters aided by lighter winds, mild temperatures and low humidity",https://www.irishtimes.com/world/us/2024/11/10/california-wildfire-firefighters-gain-ground-as-weather-conditions-improve/
"Video: Clashes erupt in Valencia, Spain over gov’t flood response",2024-11-10T08:56:05Z,Al Jazeera English,Violent clashes erupted in Valencia between police and protesters who were demanding accountability over flash floods in,https://www.aljazeera.com/program/newsfeed/2024/11/10/video-clashes-erupt-in-valencia-spain-over-govt-flood-response
[Removed],2024-11-10T08:55:14Z,[Removed],[Removed],https://removed.com
Indonesia's new leader calls for collaboration with China before heading to the US,2024-11-10T08:55:12Z,Yahoo Entertainment,President Prabowo Subianto told the forum that his country wants to be part of China's emergence as not only an economic but also a “civilizational power.”  ...,https://finance.yahoo.com/news/indonesias-leader-calls-collaboration-china-085512736.html
FEMA employee fired after advising disaster relief team not to visit homes with signs supporting Donald Trump - NBC News,2024-11-10T08:53:06Z,Slashdot.org,"FEMA employee fired after advising disaster relief team not to visit homes with signs supporting Donald TrumpNBC News FEMA Fires Employee for Telling Milton Relief Workers to Skip Houses With Trump SignsThe New York Times FEMA supervisor fired, under investig…",https://slashdot.org/firehose.pl?op=view&amp;id=175442677
House Oversight calls on FEMA director to testify after official tells workers to avoid homes with Trump signs,2024-11-10T08:48:47Z,New York Post,The Oversight Committee's investigation followed Republican Gov. Ron DeSantis's announcement Friday that he was launching an investigation into the agency.,https://nypost.com/2024/11/10/us-news/house-oversight-calls-on-fema-administrator-deanne-criswell-to-testify-over-workers-avoiding-florida-homes-with-trump-signs/
Tormenta Tropical Rafael Gráficos,2024-11-10T08:31:54Z,Noaa.gov,"Pista de cinco días de la incertidumbre publicado en Sun, 10 Nov 2024 08:31:54 GMT

 
Probabilidades de la velocidad del viento publicado en Sun, 10 Nov 2024 08:31:54 GMT",https://www.nhc.noaa.gov/refresh/graphics_at3+shtml/083154.shtml?cone
Tens of thousands of Spaniards demand the resignation of Valencia leader for bungling flood response,2024-11-10T08:30:48Z,NBC News,Tens of thousands of Spaniards marched in the eastern city of Valencia on Saturday to demand the resignation of the regional president in charge of the emergency response to last week’s catastrophic floods that left more than 200 dead and others missing.,https://www.nbcnews.com/news/world/thousands-protest-spain-flood-resignation-rcna179483
2024 SkS Weekly Climate Change & Global Warming News Roundup #45,2024-11-10T08:30:29Z,Skepticalscience.com,"A listing of 33 news and opinion articles we found interesting and shared on social media during the past week: Sun, November 3, 2024 thru Sat, November 9, 2024.
Summary of this week's topics
We asked Google's Gemini again for help categorizing the articles w…",https://skepticalscience.com/2024-SkS-Weekly-News-Roundup_45.html
"Govee Outdoor Triade LED Strahler, Rgbic LED Fluter Außen mit 4500LM Warm und Kalt, Aluminiumlegierung, IP66 Wasserdicht, Smart Flood Lights Funktioniert mit Matter, Alexa & Google Assistant",2024-11-10T08:15:01Z,Amazon.de,"Sonntag ab 09:15 Uhr: Govee Outdoor Triade LED Strahler, Rgbic LED Fluter Außen mit 4500LM Warm und Kalt, Aluminiumlegierung, IP66 Wasserdicht, Smart Flood Lights Funktioniert mit Matter, Alexa & Google Assistant für nur 99,99 Euro
 (regulärer Amazon Preis: …",https://www.amazon.de/-/en/Spotlight-Floodlight-Aluminium-Waterproof-Assistant/dp/B0CZ91MK62
"More than RM6mil allocated for education, infrastructure in Sungai Buloh, says Ramanan",2024-11-10T08:13:00Z,The Star Online,"SUNGAI BULOH: In the past two years, more than RM6mil in community-focused funds have been allocated in the Sungai Buloh constituency, primarily for improvements in education and public infrastructure, says its MP Datuk Seri R. Ramanan. Read full story",https://www.thestar.com.my/news/nation/2024/11/10/more-than-rm6mil-allocated-for-education-infrastructure-in-sungai-buloh-says-ramanan
BNPB adds evacuation sites for victims of Mt Lewotobi eruption,2024-11-10T08:05:10Z,Antaranews.com,Indonesia&#39;s National Disaster Mitigation Agency (BNPB) disclosed on Sunday that the distribution of evacuation sites are being expanded to enable all ...,https://en.antaranews.com/news/333621/bnpb-adds-evacuation-sites-for-victims-of-mt-lewotobi-eruption
Climate change is hitting women the hardest. What to do about it – economists,2024-11-10T07:51:00Z,The Conversation Africa,"Climate change affects women’s health, livelihoods and security disproportionately because of gender inequality and patriarchal structures.",https://theconversation.com/climate-change-is-hitting-women-the-hardest-what-to-do-about-it-economists-242305
Bridger Aerospace Group (BAER) Set to Announce Earnings on Monday,2024-11-10T07:46:44Z,ETF Daily News,"Bridger Aerospace Group (NASDAQ:BAER – Get Free Report) will release its earnings data after the market closes on Monday, November 11th. Bridger Aerospace Group has set its FY 2024 guidance at EPS.Individual that wish to listen to the company’s earnings confe…",https://www.etfdailynews.com/2024/11/10/bridger-aerospace-group-baer-set-to-announce-earnings-on-monday/
Emergency agency worker sacked after telling hurricane relief staff not to help Trump supporters,2024-11-10T07:39:00Z,Sky.com,A Federal Emergency Management Agency (FEMA) employee has been sacked after telling staff not to help hurricane survivors who displayed signs at their homes supporting Donald Trump.,https://news.sky.com/story/fema-employee-sacked-after-telling-florida-hurricane-relief-staff-not-to-help-donald-trump-supporters-13251824
"Daughter Tried To Arrange Quality Time With Her Father For Her Graduation, But Her Stepmother’s Jealousy Created Unnecessary Tension Between Them",2024-11-10T07:20:35Z,Twistedsifter.com,She's left wondering if her dreams of a happy family meal is just a recipe for disaster.,http://twistedsifter.com/2024/11/daughter-tried-to-arrange-quality-time-with-her-father-for-her-graduation-but-her-stepmothers-jealousy-created-unnecessary-tension-between-them/
Disease spread in dog poo could be 'disaster' for cows,2024-11-10T07:07:35Z,BBC News,"A disease spread in dog poo could spell disaster for cattle, conservationists warn.",https://www.bbc.com/news/articles/crlnz4z9p9xo
Slower winds aid firefighters battling destructive blaze in Southern California,2024-11-10T07:01:46Z,NPR,Firefighters gained ground Saturday on a wildfire that has ravaged more than 100 structures as gusty winds subsided with favorable weather conditions expected through the weekend.,https://www.npr.org/2024/11/10/g-s1-33612/southern-california-wildfire
"Explosion At Hyderabad Hotel Damages Six Huts, Injures 2",2024-11-10T06:56:19Z,NDTV News,"The explosion occurred in Telangana Spice Kitchen on Road Number One Jubilee Hills. According to police, the explosion damaged the boundary wall of the hotel.",https://www.ndtv.com/hyderabad-news/explosion-at-hyderabad-hotel-damages-six-huts-injures-2-6985226
"Deleted tweets, missed warnings and calls for the ‘hangman’: the bitter political fallout from Spain’s floods - The Guardian",2024-11-10T06:52:51Z,Slashdot.org,"Deleted tweets, missed warnings and calls for the ‘hangman’: the bitter political fallout from Spain’s floodsThe Guardian Thousands protest over handling of Spanish flood disasterReuters Thousands protest in Spain’s Valencia over handling of deadly floodsAl J…",https://slashdot.org/firehose.pl?op=view&amp;id=175442353
'Could have been a disaster' - race voided as stalls stranded on track,2024-11-10T06:48:53Z,BBC News,A race at Chelmsford is dramatically halted because the starting stalls could not be removed from the track.,https://www.bbc.com/sport/horse-racing/articles/c98edpr8l20o
The Best Books of November 2024,2024-11-10T06:43:12Z,Goodereader,"Whether you’re a fiction, nonfiction, mystery, or more fan, check out our top book picks for November 2024. There’s something for every reader in our hand-picked favourites. There are plenty of new autobiographies that are out. Such as Sonny Boy by Al Pacino …",https://goodereader.com/blog/book-recommendations/the-best-books-of-november-2024
Head-To-Head Analysis: Azenta (NASDAQ:AZTA) vs. OriginClear (OTCMKTS:OCLN),2024-11-10T06:39:01Z,ETF Daily News,"Azenta (NASDAQ:AZTA – Get Free Report) and OriginClear (OTCMKTS:OCLN – Get Free Report) are both medical companies, but which is the better stock? We will compare the two businesses based on the strength of their dividends, analyst recommendations, valuation,…",https://www.etfdailynews.com/2024/11/10/head-to-head-analysis-azenta-nasdaqazta-vs-originclear-otcmktsocln/
Comparing Shimmick (SHIM) & Its Peers,2024-11-10T06:06:54Z,ETF Daily News,"Shimmick (NASDAQ:SHIM – Get Free Report) is one of 19 publicly-traded companies in the “Heavy construction, except building construction – contractors” industry, but how does it compare to its rivals? We will compare Shimmick to similar companies based on the…",https://www.etfdailynews.com/2024/11/10/comparing-shimmick-shim-its-peers/
"AP PHOTOS: Death by water, burial by mud. Images of Spain's floods of the century",2024-11-10T06:06:30Z,ABC News,"Twelve days have passed since catastrophic flash floods carved a muddy scar through eastern Spain, killing over 200 people and soiling the homes of thousands more.

Apocalyptic scenes documented by The Associated Press photographers speak to the terrifying po…",https://abcnews.go.com/International/wireStory/ap-photos-death-water-burial-mud-images-spains-115705544
Israeli hooligans provoke clashes in Amsterdam after chanting anti-Palestinian slogans,2024-11-10T06:00:00Z,Naturalnews.com,"Israeli hooligans provoked clashes with Dutch youth in Amsterdam on Thursday after they chanted racist anti-Arab slogans, tore down Palestinian flags and ignored a minute of silence for the Spanish flood victims. (Article by Huthifa Fayyad and Areeb Ullah rep…",https://www.naturalnews.com/2024-11-10-israeli-hooligans-provoke-clashes-in-amsterdam.html
Climate alarmists are in full panic mode over Trumpâs victory,2024-11-10T06:00:00Z,Naturalnews.com,"Climate change alarmists are panicking over the fact that Trump won the election, with green stocks taking a blow and activists getting ready for their new reality. Trump has never bought into their delusions about manmade climate change and can’t be bullied …",https://www.naturalnews.com/2024-11-10-climate-alarmists-panic-mode-trump.html
Top 10 ways to DECONSTRUCT and RECONSTRUCT the entire education system in America as top priority for incoming Trump Administration,2024-11-10T06:00:00Z,Naturalnews.com,"Let this successful election of Donald J. Trump usher in the New Golden Age of education and evolution of our nation, for children, teens, young professionals and adults of all ages. After suffering so many years of Democrats and perverted Liberals in charge …",https://www.naturalnews.com/2024-11-10-top-10-ways-to-deconstruct-and-reconstruct-entire-education-system-incoming-trump-administration.html
Tens of thousands of Spaniards demand the resignation of Valencia leader for bungling flood response - The Associated Press,2024-11-10T05:52:38Z,Slashdot.org,"Tens of thousands of Spaniards demand the resignation of Valencia leader for bungling flood responseThe Associated Press Deleted tweets, missed warnings and calls for the ‘hangman’: the bitter political fallout from Spain’s floodsThe Guardian Thousands protes…",https://slashdot.org/firehose.pl?op=view&amp;id=175442245
"20 years ago, Halo 2 was released, showing that a game doesn't even need an ending to be fondly remembered [Vintage]",2024-11-10T05:50:00Z,Fark.com,"20 years ago, Halo 2 was released, showing that a game doesn't even need an ending to be fondly remembered",https://www.fark.com/comments/13457680/-20-years-ago-Halo-2-was-released-showing-that-a-game-doesnt-even-need-an-ending-to-be-fondly-remembered
Exit Right - Dissent Magazine,2024-11-10T05:47:01Z,Dissentmagazine.org,"Trump has remade Americans, and to defeat Trumpism requires nothing less than the left doing the same. via Pocket",https://www.dissentmagazine.org/online_articles/exit-right/
Plea for help after sad find on tree stump,2024-11-10T05:43:00Z,News.com.au,Rescuers have issued a desperate plea for help from Australians after a heartbreaking situation involving our national icons was caught on camera.,https://www.news.com.au/technology/science/animals/rescuers-issue-plea-for-help-after-sad-find-on-tree-stump/news-story/b1395f65602a3113b19e906864853f46
[Removed],2024-11-10T05:32:59Z,[Removed],[Removed],https://removed.com
The Unchained Word of Life,2024-11-10T13:57:39Z,Dougwils.com,"Acts of the Apostles (12): Introduction: The Founder of the Christian faith, the Lord Jesus, was murdered by the authorities. This is a fact that cannot be emphasized too much. After His resurrection, He ascended into Heaven, and the second generation of Chri…",https://dougwils.com/the-church/s8-expository/world-of-life.html
Watch: Tens of thousands protest in Valencia over flood response,2024-11-10T13:43:23Z,Yahoo Entertainment,,https://consent.yahoo.com/v2/collectConsent?sessionId=1_cc-session_a56eb272-59fa-48e0-94ce-9fbcc9626a95
US official ordered relief workers to skip MAGA houses after hurricane - media,2024-11-10T13:43:06Z,RT,The Daily Wire claims a Federal Emergency Management Agency staffer told employees to ignore houses with Trump signs after Hurricane Milton Read Full Article at RT.com,https://www.rt.com/news/607431-daily-wire-maga-hurricane-victims-discrimination/
The devastation brought by Spain’s floods of the century,2024-11-10T13:35:32Z,Al Jazeera English,At least 212 people died in deadliest deluge in a European country since floods in Portugal in 1967 killed about 500.,https://www.aljazeera.com/gallery/2024/11/10/the-devastation-brought-by-spains-floods-of-the-century
"Philippines to evacuate 2,500 villages ahead of severe storm Toraji",2024-11-10T13:35:22Z,VOA News,"Manila — The residents of 2,500 villages were ordered to evacuate their homes as severe tropical storm Toraji approached the northern Philippines, the government said Sunday, after three massive cyclones battered the country in less than a month.


Nearly 700…",https://www.voanews.com/a/philippines-to-evacuate-2-500-villages-ahead-of-severe-storm-toraji/7858725.html
Hospitals face months of IV fluid shortages after Helene damages N.C. factory,2024-11-10T13:34:20Z,NPR,"Hospitals have been forced to innovate with new ways of hydrating patients and giving them medications, after a key factory that produces IV fluid bags flooded during Hurricane Helene. (This story first aired on Morning Edition on Nov. 7, 2024.)",https://www.npr.org/2024/11/10/nx-s1-5179041-e1/hospitals-face-months-of-iv-fluid-shortages-after-helene-damages-n-c-factory
Hurricane Helene caused big losses for North Carolina's fall tourism industry,2024-11-10T13:34:00Z,NPR,"Tourists stayed away from western North Carolina this year after Helene swept through the area, and towns that depend on leaf lookers are bracing for big losses.",https://www.npr.org/2024/11/10/nx-s1-5184425/hurricane-helene-caused-big-losses-for-north-carolinas-fall-tourism-industry
How to stay out of trouble when you travel in 2025,2024-11-10T13:30:00Z,Elliott.org,"I should have known she was going to be trouble. I was stuck in seat 36J on a flight from Tampa to Zürich, Switzerland, and before the plane even started down the rain-slickened runway, the passenger in front of me turned to her companion and asked, ""How do I…",https://www.elliott.org/on-travel/how-to-stay-out-of-trouble-when-you-travel-in-2025/
"Hungry Palestinians in north Gaza search for food, sealed off from aid for a month by Israeli siege",2024-11-10T13:10:28Z,ABC News,"Palestinians in northern Gaza are rationing out their last supplies of food to survive, with no aid entering the area for the past month under an Israeli siege",https://abcnews.go.com/International/wireStory/hungry-palestinians-north-gaza-search-food-sealed-off-115707295
"Canadian Transit Think Tank CUTRIC Chooses Inaccuracy, Irrelevancy, & Attack",2024-11-10T13:06:13Z,CleanTechnica,"Over the past three weeks, I’ve been assessing various aspects of the Canadian Urban Transit Research and Innovation Consortium’s (CUTRIC) positions, research, and publications on transit bus decarbonization. I’ve published ten articles directly about CUTRIC’…",https://cleantechnica.com/2024/11/10/canadian-transit-think-tank-cutric-chooses-inaccuracy-irrelevancy-attack/
"What Trump’s second term means for Colorado immigrants, public lands, abortion access and Space Command",2024-11-10T13:00:42Z,The Denver Post,"Here's how the coming second term of President-elect Donald Trump could impact Colorado's immigrants, public lands, abortion access and hosting of the U.S. Space Command headquarters.",https://www.denverpost.com/2024/11/10/donald-trump-election-colorado-public-lands-immigration-abortion-space-command/
Colorado wildfires are more extreme than ever. Here’s how state leaders are fighting back.,2024-11-10T13:00:30Z,The Denver Post,"Colorado wildfires are becoming more extreme, and fire officials must seek new and better ways to prevent and fight them.",https://www.denverpost.com/2024/11/10/colorado-wildfires-climate-change-alexander-mountain/
Was Jurassic Park III’s Most Controversial Scene REALLY That Bad?,2024-11-10T13:00:00Z,ComicBook.com,"What an odd franchise Jurassic Park is. The saga started with one of the most beloved motion pictures in history, with a Steven Spielberg directorial effort that still endures as one of the best big-budget movies ever produced. Subsequent entries in the Juras…",http://comicbook.com/movies/news/jurassic-park-3-iii-talking-raptor-scene-explained-reactions-memes-sam-neill/
Insignificant Events In The Life Of A Cactus To Be A Graphic Novel,2024-11-10T12:57:08Z,Bleeding Cool News,"Dusti Bowling is writing a graphic novel adaptation of his own middle-grade novel Insignificant Events in the Life of a Cactus, to be drawn by Charlotte Blocker. The story follows a spirited girl ""born without arms and a boy with Tourette syndrome navigating …",https://bleedingcool.com/comics/insignificant-events-in-the-life-of-a-cactus-to-be-a-graphic-novel/
How Badly Harris Lost and Why,2024-11-10T12:38:03Z,Freerepublic.com,"Around the world, even before he’s sworn into office, the Trump win is having significant impact. Donald Trump appears to have been the first Republican in 20 years to win the popular vote. Scouring the internet, the only Democrat figure who seems to be smili…",https://freerepublic.com/focus/f-chat/4277367/posts
"What You Need To Know About Preparing For Emergencies, According To A Top Survivalist",2024-11-10T12:37:23Z,Activistpost.com,"Authored by Krista Thomas via The Epoch Times (emphasis ZeroHedge) The Expert EJ Snyder knows a thing or two about survival. After 25 years in the...
What You Need To Know About Preparing For Emergencies, According To A Top Survivalist",https://activistpost.com/2024/11/what-you-need-to-know-about-preparing-for-emergencies-according-to-a-top-survivalist.html
The Bernie vs. Nancy dispute,2024-11-10T12:09:55Z,Biztoc.com,"A fierce divide has emerged from the early autopsies of Democrats' election disaster: Was it policy — or culture — that doomed the party with working-class Americans?
Why it matters: Joe Biden touted himself as the most pro-union president in U.S. history. He…",https://biztoc.com/x/c0b642e95f5425ea
Oklahoma State football grades vs TCU: Brennan Presley only bright spot for Cowboys,2024-11-10T12:04:09Z,Oklahoman.com,"On a night Oklahoma State's bowl streak ended, there was little to like about the Cowboys' performance. The report card reflects the misery.",https://www.oklahoman.com/story/sports/college/cowboys/2024/11/10/oklahoma-state-football-grades-vs-tcu-brennan-presley-osu-cowboys-horned-frogs/76170012007/
What It Means That God Is Rich in Mercy,2024-11-10T12:00:00Z,Crossway.org,Nowhere else in the Bible is God described as rich in anything. The only thing he is called rich in is mercy. What does this mean?,https://www.crossway.org/articles/what-it-means-that-god-is-rich-in-mercy/
The Top 10 Landing Spots for Rangers SP Max Scherzer in MLB Free Agency,2024-11-10T12:00:00Z,Bleacher Report,"From 2013-22, Max Scherzer was the best pitcher in baseball. He won three Cy Youngs and nearly won several others, posting a 2.78 ERA, 0.98 WHIP and 11.3 K/9…",https://bleacherreport.com/articles/10142654-the-top-10-landing-spots-for-rangers-sp-max-scherzer-in-mlb-free-agency
FEMA Worker Fired Over Order on Pro-Trump Homes,2024-11-10T12:00:00Z,Newser,"A FEMA worker has been fired after she directed workers helping hurricane survivors not to go to homes with yard signs supporting Donald Trump, the agency's leader said Saturday. ""This is a clear violation of FEMA's core values and principles to help people r…",https://www.newser.com/story/359245/fema-worker-told-others-not-to-help-pro-trump-homes.html
Links 11/10/2024,2024-11-10T11:55:51Z,Nakedcapitalism.com,,https://www.nakedcapitalism.com/2024/11/links-11-10-2024.html
SECURITY AFFAIRS MALWARE NEWSLETTER – ROUND 19,2024-11-10T11:48:52Z,Securityaffairs.com,Security Affairs Malware newsletter includes a collection of the best articles and research on malware in the international landscape. Security Affairs Malware newsletter includes a collection of the best articles and research on malware in the international …,https://securityaffairs.com/170771/breaking-news/security-affairs-malware-newsletter-round-19.html
Why bad bosses think they are doing a great job,2024-11-10T11:43:00Z,Fast Company,"Google “bad bosses,” and most of what pops up are survival guides for employees—like how to “survive a bad boss,” as if bad leadership is just another natural disaster we need to ride out. We shouldn’t have to survive our day jobs. Leaders shouldn’t be someon…",https://www.fastcompany.com/91223943/why-bad-bosses-think-theyve-doing-a-good-job
Security Affairs newsletter Round 497 by Pierluigi Paganini – INTERNATIONAL EDITION,2024-11-10T11:28:39Z,Securityaffairs.com,"A new round of the weekly SecurityAffairs newsletter arrived! Every week the best security articles from Security Affairs are free in your email box. Enjoy a new round of the weekly SecurityAffairs newsletter, including the international press. Mazda Connect …",https://securityaffairs.com/170764/breaking-news/security-affairs-newsletter-round-497-by-pierluigi-paganini-international-edition.html
Australian Defence Force arrives in Indonesia ahead of largest joint exercises,2024-11-10T11:21:00Z,The Star Online,"BANYUWANGI (Reuters) - Members of the Australian Defence Force (ADF) arrived on Sunday with their warship docking at Banyuwangi in East Java, Indonesia for a joint military exercise, which will involve 2,000 personnel from both countries. Read full story",https://www.thestar.com.my/news/world/2024/11/10/australian-defence-force-arrives-in-indonesia-ahead-of-largest-joint-exercises
"Floods in Spain: Crypto exchange MEXC donates €100,000 to support local relief and resilience",2024-11-10T11:06:29Z,Coinjournal.net,"MEXC, a leading global cryptocurrency exchange, has pledged a €100,000 donation to support relief efforts following the devastating floods that recently struck Valencia, Spain. Heavy rainfall has caused severe flooding across parts of Spain, resulting in wide…",https://coinjournal.net/news/floods-in-spain-crypto-exchange-mexc-donates-e100000-to-support-local-relief-and-resilience/
Hurrikan-Jäger über Extrem-Einsatz: Plötzlich flog das Dach weg,2024-11-10T11:03:49Z,Berliner Morgenpost,"Von Hurrikan Beryl bis Milton: Hurrikan-Jäger Jonathan Petramala ist vor Ort. Hier erklärt er, was ihn an dem gefährlichen Job reizt.",https://www.morgenpost.de/panorama/article407514230/hurrikan-jaeger-ueber-extrem-einsatz-ploetzlich-flog-das-dach-weg.html
Veterans Day deals 2024: Restaurants with free meals include Chili's,2024-11-10T11:03:26Z,USA Today,"For Veterans Day, here's a list of of more than 80 businesses where veterans and active military personnel can get free food, discounts and more.",https://www.usatoday.com/story/money/food/2024/11/10/veterans-day-deals-2024/76072069007/
[Removed],2024-11-10T11:00:47Z,[Removed],[Removed],https://removed.com
[Removed],2024-11-10T11:00:16Z,[Removed],[Removed],https://removed.com
Hasan Piker on Kamala Harris Loss: 'You Can't Podcast Your Way Out of This',2024-11-10T11:00:02Z,Newsweek,"""You can't actively act like things are perfectly fine when things have not been fine for Americans for quite some time,"" the leftist influencer told Newsweek.",https://www.newsweek.com/hasan-piker-kamala-harris-loss-failures-podcast-twitch-streamer-progressive-politics-1983001
NFL Week 10 Player Prop Picks: 3 Best Bets for Sunday,2024-11-10T11:00:01Z,Newsweek,Newsweek's NFL betting expert provides the best NFL Week 10 player prop picks and predictions for today's betting slate.,https://www.newsweek.com/nfl-player-prop-picks-week-10-1981750
Democrats Tried to Counter Donald Trump’s Viciousness Toward Women with Condescension,2024-11-10T11:00:00Z,The New Yorker,Jill Lepore writes that the Harris campaign felt the need to remind women voters that they can vote for whomever they want. Women understood this. The campaign failed to.,https://www.newyorker.com/magazine/dispatches/democrats-tried-to-counter-donald-trumps-viciousness-toward-women-with-condescension
[Removed],2024-11-10T11:00:00Z,[Removed],[Removed],https://removed.com
"Our noble war: Israel's soldiers must uphold dignity of themselves, Palestinians",2024-11-10T10:56:13Z,The Jerusalem Post,"This conflict represents deep ideals and carries the burden of historical truths. We must wage it with clarity of vision, unwavering moral conviction, and noble behavior.",https://www.jpost.com/opinion/article-828369
Bernie Sanders' Election Take Called Out by Former Adviser: 'Have a Seat',2024-11-10T10:49:10Z,Newsweek,"Tezlyn Figaro criticized Sanders' response to the 2024 presidential election, before saying Harris ""didn't have a chance in hell.""",https://www.newsweek.com/bernie-sanders-election-take-called-out-former-advisor-1983407
Scientists warn of dangerous issue cropping up weeks after hurricane devastation — here's what you need to know,2024-11-10T10:45:31Z,Yahoo Entertainment,"""When it’s damp, the likelihood of [this] increases.”",https://www.yahoo.com/news/scientists-warn-dangerous-issue-cropping-104531462.html
Community scrambles after top insurance company refuses to pay out homeowners following destructive hurricane: 'Denied or closed with no payment',2024-11-10T10:45:02Z,Yahoo Entertainment,The combined worth of residential claims from both hurricanes Helene and Milton is estimated at nearly $2.8 billion.,https://www.yahoo.com/news/community-scrambles-top-insurance-company-104502294.html
"Israeli strike on Gaza house kills many, medics and rescuers say",2024-11-10T10:43:44Z,BBC News,Gaza's civil defence agency says 13 children were among the dead in Jabalia.,https://www.bbc.com/news/articles/cd6v3zq2jvjo?xtor=AL-72-%5Bpartner%5D-%5Byahoo.north.america%5D-%5Bheadline%5D-%5Bnews%5D-%5Bbizdev%5D-%5Bisapi%5D
"Israeli strike on Gaza house kills many, medics and rescuers say",2024-11-10T10:43:39Z,BBC News,Gaza's civil defence agency says 13 children were among the dead in Jabalia.,https://www.bbc.com/news/articles/cd6v3zq2jvjo
"DAD'S BACK!! QUICK, HIDE THE BONG!!",2024-11-10T10:40:13Z,Freerepublic.com,The response to the re-election of Donald Trump to the presidency reminds me nothing more than the response of disobedient teenagers upon finding out their father is pulling into the driveway. Consider: Putin says western civilization is not an enemy In a rec…,https://freerepublic.com/focus/f-chat/4277354/posts
"DAD'S BACK!! QUICK, HIDE THE BONG!!",2024-11-10T10:40:13Z,Freerepublic.com,The response to the re-election of Donald Trump to the presidency reminds me nothing more than the response of disobedient teenagers upon finding out their father is pulling into the driveway. Consider: Putin says western civilization is not an enemy In a rec…,https://freerepublic.com/focus/f-news/4277354/posts
"Hyatt All-Inclusive Resorts Outnumber IHG, Marriott, Hilton",2024-11-10T10:39:30Z,Liveandletsfly.com,"Hyatt all-inclusive resorts now outnumber Intercontinental Hotels Group, Marriott, and Hilton combined. But storms disrupted an otherwise ideal 2024 performance.  If you are considering booking travel LiveAndLetsFly.com appreciates your support. If you haven’…",https://liveandletsfly.com/hyatt-all-inclusive-resorts-outnumber-ihg-marriott-hilton/
weeklyOSM: weeklyOSM 746,2024-11-10T10:38:12Z,Weeklyosm.eu,31/10/2024-06/11/2024 Participants at SotM Nigeria 2024 [1] | © Calvin Menttor Mapping Requests for comments have been made on these proposals: virtual_tour=* to link to 3D virtual tours of locatio…,https://weeklyosm.eu/archives/17580
"Odisha start-up launches fully made-in-India, autonomous logistics drone service",2024-11-10T10:23:20Z,BusinessLine,"Air Orca is fully designed, developed and manufactured in India by Odisha-based start-up Bon V Aero and is equipped to serve as a first responder in post-disaster scenarios",https://www.thehindubusinessline.com/economy/logistics/odisha-start-up-launches-fully-autonomous-logistics-drone-service/article68852020.ece
10 melhores filmes antigos de boxe para assistir nos streamings,2024-11-10T10:20:00Z,Olhardigital.com.br,"Selecionamos dez filmes clássicos de boxe que vão de cinebiografias de grandes lutadores a dramas fictícios com grandes interpretações.
O post 10 melhores filmes antigos de boxe para assistir nos streamings  apareceu primeiro em Olhar Digital.",https://olhardigital.com.br/2024/11/10/cinema-e-streaming/10-melhores-filmes-antigos-de-boxe-para-assistir-nos-streamings/
[Removed],2024-11-10T10:15:55Z,[Removed],[Removed],https://removed.com
[Removed],2024-11-10T10:08:04Z,[Removed],[Removed],https://removed.com
Tether’s $1 Billion Mint Raises Excitement For SOL Ecosystem – But Could Script Network (SCPT) Be The Better Play?,2024-11-10T10:03:21Z,The Punch,"As Tether mints another $1 billion USDT, the crypto market is witnessing a renewed surge in liquidity, sparking increased speculation about the next big moves. Analysts are watching closely to see which projects might benefit most from this fresh capital inje…",https://punchng.com/tethers-1-billion-mint-raises-excitement-for-sol-ecosystem-but-could-script-network-scpt-be-the-better-play/
Google's head of research on whether 'learn to code' is still good advice in the age of AI,2024-11-10T10:01:59Z,Business Insider,Google VP and Head of Research Yossi Matias said learning to code remains 'as important as ever' despite a changing tech landscape.,https://www.businessinsider.com/google-research-head-career-advice-learn-to-code-2024-11
Bird flu among pigs should worry humans too,2024-11-10T10:00:17Z,Livemint,"While virus outbreaks have waxed and waned, in 2022 something strange started happening with vastly more birds and mammals getting infected and even dying globally. Scientists need to conduct more research to understand this virus. After covid, we know the ri…",https://www.livemint.com/opinion/online-views/bird-flu-pigs-virus-outbreak-h5n1-virus-mammals-pandemic-chickens-11731230798297.html
Indonesia's new leader calls for collaboration with China before heading to the US,2024-11-10T10:00:13Z,seattlepi.com,Indonesia's new leader has called for collaboration rather than confrontation with China. President Prabowo Subianto made the remarks at a business forum in Beijing on Sunday after the signing of $10 billion in investment deals with Chinese companies. Subiant…,https://www.seattlepi.com/news/world/article/indonesia-s-new-leader-calls-for-collaboration-19904275.php
"As Australia puts more focus on climate change, New Zealand is accused of pulling back",2024-11-10T10:00:00Z,NBC News,"In a role reversal of sorts, Australia has been taking a more aggressive stance on climate change, while its neighbor New Zealand is accused of pulling back.",https://www.nbcnews.com/news/world/australia-puts-focus-climate-change-new-zealand-accused-pulling-back-rcna177757
[Removed],2024-11-10T09:59:15Z,[Removed],[Removed],https://removed.com
Indonesia's new leader calls for collaboration with China before heading to US,2024-11-10T09:58:27Z,ABC News,Indonesia's new leader has called for collaboration rather than confrontation with China,https://abcnews.go.com/International/wireStory/indonesias-new-leader-calls-collaboration-china-heading-us-115706634
Indonesia's new leader calls for collaboration with China before heading to the US,2024-11-10T09:50:30Z,ABC News,Indonesia's new leader has called for collaboration rather than confrontation with China,https://abcnews.go.com/Business/wireStory/indonesias-new-leader-calls-collaboration-china-heading-us-115706635
How to Organize an Assembly : Preparing to Respond in an Era of Disasters and Despotism,2024-11-10T09:45:35Z,Crimethinc.com,"In an era of disasters and despotism, one way to get people connected and ready to respond is to host an open assembly. Here's how.",https://crimethinc.com/2024/11/10/how-to-organize-an-assembly-preparing-to-respond-to-an-era-of-disasters-and-despotism
Indonesia's new leader calls for collaboration with China before heading to US,2024-11-10T09:35:22Z,VOA News,"BEIJING — Indonesia's new leader called for collaboration rather than confrontation with China after the signing of $10 billion in new deals at a business forum on Sunday in the Chinese capital before heading to the U.S. 


President Prabowo Subianto told the…",https://www.voanews.com/a/indonesia-s-new-leader-calls-for-collaboration-with-china-before-heading-to-us/7858656.html
"Trump vowed to oust SEC Chairman Gary Gensler, and these crypto advocates could take his place",2024-11-10T09:33:00Z,Fortune,"While Trump in July promised to fire Gensler on day one of his second administration, he technically can’t remove Gensler (without cause) until his term ends in 2026.",https://fortune.com/2024/11/10/who-could-trump-name-to-replace-sec-chair-gary-gensler-crypto-policy-advocates/
Shimmick (SHIM) to Release Quarterly Earnings on Tuesday,2024-11-10T09:23:06Z,ETF Daily News,"Shimmick (NASDAQ:SHIM – Get Free Report) is set to post its quarterly earnings results before the market opens on Tuesday, November 12th. Analysts expect Shimmick to post earnings of ($0.38) per share for the quarter. Parties that wish to listen to the compan…",https://www.etfdailynews.com/2024/11/10/shimmick-shim-to-release-quarterly-earnings-on-tuesday/
Florida's iconic Key deer face an uncertain future as seas rise,2024-11-10T09:19:29Z,VOA News,"BIG PINE KEY, Florida — The world's only Key deer, the smallest subspecies of the white-tailed deer, are found in piney and marshy wetlands bordered by the Atlantic Ocean and Gulf of Mexico on the Florida Keys. For years, their biggest threat was being struck…",https://www.voanews.com/a/florida-s-iconic-key-deer-face-an-uncertain-future-as-seas-rise/7856241.html
U.S. agency cautions employees to limit phone use due to Salt Typhoon hack of telco providers,2024-11-10T09:12:54Z,Securityaffairs.com,US CFPB warns employees to avoid work-related mobile calls and texts following China-linked Salt Typhoon hack over security concerns. The US government’s Consumer Financial Protection Bureau (CFPB) advises employees to avoid using cellphones for work after Ch…,https://securityaffairs.com/170737/hacking/u-s-agency-limit-phone-use-due-to-salt-typhoon-hack.html
"Barranco del Poyo: las 100 inundaciones de la rambla ""furiosa"" en dos siglos y medio",2024-11-10T09:05:31Z,Elperiodico.com,"""Su profundo y ancho cauce siempre está seco, salvo en las avenidas, cuando recibe tantas aguas y corre tan furiosamente, que destruye cuanto encuentra..."". Así empieza el relato de la primera de las 100 inundaciones documentadas del barranco del Poyo en los …",https://www.elperiodico.com/es/sociedad/20241110/barranco-poyo-100-inundaciones-rambla-111554401
"Under monthlong Israeli siege, hunger reaches dire levels in North Gaza",2024-11-10T09:02:50Z,VOA News,"JERUSALEM — With virtually no food allowed into the northernmost part of Gaza for the past month, tens of thousands of Palestinians under Israeli siege are rationing their last lentils and flour to survive. As bombardment pounds around them, some say they ris…",https://www.voanews.com/a/under-monthlong-israeli-siege-hunger-reaches-dire-levels-in-north-gaza/7858652.html
An Israeli's life in Haifa under constant rocket fire,2024-11-10T09:02:11Z,The Jerusalem Post,I have been living in Haifa for the past two years. Now Iran is threatening to flatten the glorious Carmel mountain range with a crushing response. This intense war is a test of wills.,https://www.jpost.com/israel-news/article-828348
"Wetland protections are shifting, especially in Ottawa",2024-11-10T09:00:00Z,CBC News,CBC Ottawa spent time in the city's rural areas and reviewed many documents to learn how Ontario's controversial updated scorecard has affected three local wetlands.,https://www.cbc.ca/news/canada/ottawa/wetland-evaluation-series-three-tales-1.7375527
California wildfire: Firefighters gain ground as weather conditions improve,2024-11-10T08:58:24Z,The Irish Times,"Evacuation orders downgraded as firefighters aided by lighter winds, mild temperatures and low humidity",https://www.irishtimes.com/world/us/2024/11/10/california-wildfire-firefighters-gain-ground-as-weather-conditions-improve/
"Video: Clashes erupt in Valencia, Spain over gov’t flood response",2024-11-10T08:56:05Z,Al Jazeera English,Violent clashes erupted in Valencia between police and protesters who were demanding accountability over flash floods in,https://www.aljazeera.com/program/newsfeed/2024/11/10/video-clashes-erupt-in-valencia-spain-over-govt-flood-response
[Removed],2024-11-10T08:55:14Z,[Removed],[Removed],https://removed.com
Indonesia's new leader calls for collaboration with China before heading to the US,2024-11-10T08:55:12Z,Yahoo Entertainment,President Prabowo Subianto told the forum that his country wants to be part of China's emergence as not only an economic but also a “civilizational power.”  ...,https://finance.yahoo.com/news/indonesias-leader-calls-collaboration-china-085512736.html
FEMA employee fired after advising disaster relief team not to visit homes with signs supporting Donald Trump - NBC News,2024-11-10T08:53:06Z,Slashdot.org,"FEMA employee fired after advising disaster relief team not to visit homes with signs supporting Donald TrumpNBC News FEMA Fires Employee for Telling Milton Relief Workers to Skip Houses With Trump SignsThe New York Times FEMA supervisor fired, under investig…",https://slashdot.org/firehose.pl?op=view&amp;id=175442677
House Oversight calls on FEMA director to testify after official tells workers to avoid homes with Trump signs,2024-11-10T08:48:47Z,New York Post,The Oversight Committee's investigation followed Republican Gov. Ron DeSantis's announcement Friday that he was launching an investigation into the agency.,https://nypost.com/2024/11/10/us-news/house-oversight-calls-on-fema-administrator-deanne-criswell-to-testify-over-workers-avoiding-florida-homes-with-trump-signs/
Tormenta Tropical Rafael Gráficos,2024-11-10T08:31:54Z,Noaa.gov,"Pista de cinco días de la incertidumbre publicado en Sun, 10 Nov 2024 08:31:54 GMT

 
Probabilidades de la velocidad del viento publicado en Sun, 10 Nov 2024 08:31:54 GMT",https://www.nhc.noaa.gov/refresh/graphics_at3+shtml/083154.shtml?cone
Tens of thousands of Spaniards demand the resignation of Valencia leader for bungling flood response,2024-11-10T08:30:48Z,NBC News,Tens of thousands of Spaniards marched in the eastern city of Valencia on Saturday to demand the resignation of the regional president in charge of the emergency response to last week’s catastrophic floods that left more than 200 dead and others missing.,https://www.nbcnews.com/news/world/thousands-protest-spain-flood-resignation-rcna179483
2024 SkS Weekly Climate Change & Global Warming News Roundup #45,2024-11-10T08:30:29Z,Skepticalscience.com,"A listing of 33 news and opinion articles we found interesting and shared on social media during the past week: Sun, November 3, 2024 thru Sat, November 9, 2024.
Summary of this week's topics
We asked Google's Gemini again for help categorizing the articles w…",https://skepticalscience.com/2024-SkS-Weekly-News-Roundup_45.html
"Govee Outdoor Triade LED Strahler, Rgbic LED Fluter Außen mit 4500LM Warm und Kalt, Aluminiumlegierung, IP66 Wasserdicht, Smart Flood Lights Funktioniert mit Matter, Alexa & Google Assistant",2024-11-10T08:15:01Z,Amazon.de,"Sonntag ab 09:15 Uhr: Govee Outdoor Triade LED Strahler, Rgbic LED Fluter Außen mit 4500LM Warm und Kalt, Aluminiumlegierung, IP66 Wasserdicht, Smart Flood Lights Funktioniert mit Matter, Alexa & Google Assistant für nur 99,99 Euro
 (regulärer Amazon Preis: …",https://www.amazon.de/-/en/Spotlight-Floodlight-Aluminium-Waterproof-Assistant/dp/B0CZ91MK62
"More than RM6mil allocated for education, infrastructure in Sungai Buloh, says Ramanan",2024-11-10T08:13:00Z,The Star Online,"SUNGAI BULOH: In the past two years, more than RM6mil in community-focused funds have been allocated in the Sungai Buloh constituency, primarily for improvements in education and public infrastructure, says its MP Datuk Seri R. Ramanan. Read full story",https://www.thestar.com.my/news/nation/2024/11/10/more-than-rm6mil-allocated-for-education-infrastructure-in-sungai-buloh-says-ramanan
BNPB adds evacuation sites for victims of Mt Lewotobi eruption,2024-11-10T08:05:10Z,Antaranews.com,Indonesia&#39;s National Disaster Mitigation Agency (BNPB) disclosed on Sunday that the distribution of evacuation sites are being expanded to enable all ...,https://en.antaranews.com/news/333621/bnpb-adds-evacuation-sites-for-victims-of-mt-lewotobi-eruption
Climate change is hitting women the hardest. What to do about it – economists,2024-11-10T07:51:00Z,The Conversation Africa,"Climate change affects women’s health, livelihoods and security disproportionately because of gender inequality and patriarchal structures.",https://theconversation.com/climate-change-is-hitting-women-the-hardest-what-to-do-about-it-economists-242305
Bridger Aerospace Group (BAER) Set to Announce Earnings on Monday,2024-11-10T07:46:44Z,ETF Daily News,"Bridger Aerospace Group (NASDAQ:BAER – Get Free Report) will release its earnings data after the market closes on Monday, November 11th. Bridger Aerospace Group has set its FY 2024 guidance at EPS.Individual that wish to listen to the company’s earnings confe…",https://www.etfdailynews.com/2024/11/10/bridger-aerospace-group-baer-set-to-announce-earnings-on-monday/
Emergency agency worker sacked after telling hurricane relief staff not to help Trump supporters,2024-11-10T07:39:00Z,Sky.com,A Federal Emergency Management Agency (FEMA) employee has been sacked after telling staff not to help hurricane survivors who displayed signs at their homes supporting Donald Trump.,https://news.sky.com/story/fema-employee-sacked-after-telling-florida-hurricane-relief-staff-not-to-help-donald-trump-supporters-13251824
"Daughter Tried To Arrange Quality Time With Her Father For Her Graduation, But Her Stepmother’s Jealousy Created Unnecessary Tension Between Them",2024-11-10T07:20:35Z,Twistedsifter.com,She's left wondering if her dreams of a happy family meal is just a recipe for disaster.,http://twistedsifter.com/2024/11/daughter-tried-to-arrange-quality-time-with-her-father-for-her-graduation-but-her-stepmothers-jealousy-created-unnecessary-tension-between-them/
Disease spread in dog poo could be 'disaster' for cows,2024-11-10T07:07:35Z,BBC News,"A disease spread in dog poo could spell disaster for cattle, conservationists warn.",https://www.bbc.com/news/articles/crlnz4z9p9xo
Slower winds aid firefighters battling destructive blaze in Southern California,2024-11-10T07:01:46Z,NPR,Firefighters gained ground Saturday on a wildfire that has ravaged more than 100 structures as gusty winds subsided with favorable weather conditions expected through the weekend.,https://www.npr.org/2024/11/10/g-s1-33612/southern-california-wildfire
"Explosion At Hyderabad Hotel Damages Six Huts, Injures 2",2024-11-10T06:56:19Z,NDTV News,"The explosion occurred in Telangana Spice Kitchen on Road Number One Jubilee Hills. According to police, the explosion damaged the boundary wall of the hotel.",https://www.ndtv.com/hyderabad-news/explosion-at-hyderabad-hotel-damages-six-huts-injures-2-6985226
"Deleted tweets, missed warnings and calls for the ‘hangman’: the bitter political fallout from Spain’s floods - The Guardian",2024-11-10T06:52:51Z,Slashdot.org,"Deleted tweets, missed warnings and calls for the ‘hangman’: the bitter political fallout from Spain’s floodsThe Guardian Thousands protest over handling of Spanish flood disasterReuters Thousands protest in Spain’s Valencia over handling of deadly floodsAl J…",https://slashdot.org/firehose.pl?op=view&amp;id=175442353
'Could have been a disaster' - race voided as stalls stranded on track,2024-11-10T06:48:53Z,BBC News,A race at Chelmsford is dramatically halted because the starting stalls could not be removed from the track.,https://www.bbc.com/sport/horse-racing/articles/c98edpr8l20o
The Best Books of November 2024,2024-11-10T06:43:12Z,Goodereader,"Whether you’re a fiction, nonfiction, mystery, or more fan, check out our top book picks for November 2024. There’s something for every reader in our hand-picked favourites. There are plenty of new autobiographies that are out. Such as Sonny Boy by Al Pacino …",https://goodereader.com/blog/book-recommendations/the-best-books-of-november-2024
Head-To-Head Analysis: Azenta (NASDAQ:AZTA) vs. OriginClear (OTCMKTS:OCLN),2024-11-10T06:39:01Z,ETF Daily News,"Azenta (NASDAQ:AZTA – Get Free Report) and OriginClear (OTCMKTS:OCLN – Get Free Report) are both medical companies, but which is the better stock? We will compare the two businesses based on the strength of their dividends, analyst recommendations, valuation,…",https://www.etfdailynews.com/2024/11/10/head-to-head-analysis-azenta-nasdaqazta-vs-originclear-otcmktsocln/
Comparing Shimmick (SHIM) & Its Peers,2024-11-10T06:06:54Z,ETF Daily News,"Shimmick (NASDAQ:SHIM – Get Free Report) is one of 19 publicly-traded companies in the “Heavy construction, except building construction – contractors” industry, but how does it compare to its rivals? We will compare Shimmick to similar companies based on the…",https://www.etfdailynews.com/2024/11/10/comparing-shimmick-shim-its-peers/
"AP PHOTOS: Death by water, burial by mud. Images of Spain's floods of the century",2024-11-10T06:06:30Z,ABC News,"Twelve days have passed since catastrophic flash floods carved a muddy scar through eastern Spain, killing over 200 people and soiling the homes of thousands more.

Apocalyptic scenes documented by The Associated Press photographers speak to the terrifying po…",https://abcnews.go.com/International/wireStory/ap-photos-death-water-burial-mud-images-spains-115705544
Israeli hooligans provoke clashes in Amsterdam after chanting anti-Palestinian slogans,2024-11-10T06:00:00Z,Naturalnews.com,"Israeli hooligans provoked clashes with Dutch youth in Amsterdam on Thursday after they chanted racist anti-Arab slogans, tore down Palestinian flags and ignored a minute of silence for the Spanish flood victims. (Article by Huthifa Fayyad and Areeb Ullah rep…",https://www.naturalnews.com/2024-11-10-israeli-hooligans-provoke-clashes-in-amsterdam.html
Climate alarmists are in full panic mode over Trumpâs victory,2024-11-10T06:00:00Z,Naturalnews.com,"Climate change alarmists are panicking over the fact that Trump won the election, with green stocks taking a blow and activists getting ready for their new reality. Trump has never bought into their delusions about manmade climate change and can’t be bullied …",https://www.naturalnews.com/2024-11-10-climate-alarmists-panic-mode-trump.html
Top 10 ways to DECONSTRUCT and RECONSTRUCT the entire education system in America as top priority for incoming Trump Administration,2024-11-10T06:00:00Z,Naturalnews.com,"Let this successful election of Donald J. Trump usher in the New Golden Age of education and evolution of our nation, for children, teens, young professionals and adults of all ages. After suffering so many years of Democrats and perverted Liberals in charge …",https://www.naturalnews.com/2024-11-10-top-10-ways-to-deconstruct-and-reconstruct-entire-education-system-incoming-trump-administration.html
Tens of thousands of Spaniards demand the resignation of Valencia leader for bungling flood response - The Associated Press,2024-11-10T05:52:38Z,Slashdot.org,"Tens of thousands of Spaniards demand the resignation of Valencia leader for bungling flood responseThe Associated Press Deleted tweets, missed warnings and calls for the ‘hangman’: the bitter political fallout from Spain’s floodsThe Guardian Thousands protes…",https://slashdot.org/firehose.pl?op=view&amp;id=175442245
"20 years ago, Halo 2 was released, showing that a game doesn't even need an ending to be fondly remembered [Vintage]",2024-11-10T05:50:00Z,Fark.com,"20 years ago, Halo 2 was released, showing that a game doesn't even need an ending to be fondly remembered",https://www.fark.com/comments/13457680/-20-years-ago-Halo-2-was-released-showing-that-a-game-doesnt-even-need-an-ending-to-be-fondly-remembered
Exit Right - Dissent Magazine,2024-11-10T05:47:01Z,Dissentmagazine.org,"Trump has remade Americans, and to defeat Trumpism requires nothing less than the left doing the same. via Pocket",https://www.dissentmagazine.org/online_articles/exit-right/
Plea for help after sad find on tree stump,2024-11-10T05:43:00Z,News.com.au,Rescuers have issued a desperate plea for help from Australians after a heartbreaking situation involving our national icons was caught on camera.,https://www.news.com.au/technology/science/animals/rescuers-issue-plea-for-help-after-sad-find-on-tree-stump/news-story/b1395f65602a3113b19e906864853f46
[Removed],2024-11-10T05:32:59Z,[Removed],[Removed],https://removed.com
"Spagna, volontari continuano a ripulire le città",2024-11-10T15:47:21Z,ANSA.it,"Volunteers clean a street in the flood-hit municipality of Catarroja, Valencia province, Spain, 10 November 2024. (ANSA)",https://www.ansa.it/sito/photogallery/primopiano/2024/11/10/spagna-volontari-continuano-a-ripulire-le-citta_7904f575-f199-4306-9e98-bbc87e337c65.html
“There Appears to be a Cancer in the Pentagon with Sedition on its Mind.”,2024-11-10T15:46:10Z,Lewrockwell.com,“There Appears to be a Cancer in the Pentagon with Sedition on its Mind.” If this story of a cabal of Pentagon officials meeting to undermine the incoming constitutional commander-in-chief of the U.S. military had been a rumor circulating on X or I’d received…,https://www.lewrockwell.com/lrc-blog/there-appears-to-be-a-cancer-in-the-pentagon-with-sedition-on-its-mind/
2024 'virtually certain' to be hottest year on record: EU monitor,2024-11-10T15:44:37Z,The Times of India,The EU climate monitor Copernicus says 2024 will be the hottest year on record. Global temperatures will likely be 1.5 degrees Celsius above pre-industrial levels. The UN climate negotiations will take place in Azerbaijan next week. Nations will set new carbo…,https://economictimes.indiatimes.com/news/science/2024-virtually-certain-to-be-hottest-year-on-record-eu-monitor/articleshow/115147887.cms
WATCH: Volunteers sweep out water after deadly Spain floods,2024-11-10T15:44:03Z,ABC News,"Volunteers worked together to clear out floodwater in a suburb of Valencia, after deadly flash flooding devastated several areas locally.",https://abcnews.go.com/International/video/volunteers-sweep-water-after-deadly-spain-floods-115710708
Millions in New York Told To Limit Exercise As Wildfire Smoke Hits,2024-11-10T15:36:52Z,Biztoc.com,"Millions of New Yorkers have been urged to limit strenuous outdoor activities as wildfire smoke blankets the region, prompting air quality advisories and concerns for public health.
The New York State Department of Environmental Conservation (DEC) issued an a…",https://biztoc.com/x/9b7caddaa548b709
32 Movies And TV Shows That Gave Cheerful Songs A Darker Reputation,2024-11-10T15:34:00Z,CinemaBlend,We doubt the writers of these songs ever imagined they would show up movies and TV shows like these.,https://www.cinemablend.com/movies/movies-tv-shows-that-gave-cheerful-songs-a-darker-reputation
Wealthy Town Running Out Of Cash Under Blue State’s Strict Affordable Housing Policies,2024-11-10T15:31:18Z,The Daily Caller,California's housing policies have contributed to higher rental costs and slow housing buildout in towns such as Portola Valley,https://dailycaller.com/2024/11/10/california-affordable-housing-policy-draining-billionaire-towns-finances/
"‘Halo 2’ Is a Classic, But Its Development Was a Mess",2024-11-10T15:30:00Z,Rolling Stone,"Twenty years later, two former Bungie staff reflect on the highs and lows of designing one of the best games ever made",http://www.rollingstone.com/culture/rs-gaming/halo-2-bungie-development-1235157887/
Turbulent passage ahead for climate talks,2024-11-10T15:29:59Z,BusinessLine,The developed world has been implicitly arguing that China and India should contribute to the climate kitty rather than receive monies from it,https://www.thehindubusinessline.com/opinion/editorial/turbulent-passage-ahead-for-climate-talks/article68852376.ece
Canceling Your Uninsured Motorist Insurance Can Save You A Bundle — But Is It A Good Idea?,2024-11-10T15:08:19Z,Forbes,Author weighs the pros and cons of dropping that portion of his car insurance.,https://www.forbes.com/sites/bartastor/2024/11/10/canceling-your-uninsured-motorist-insurance-can-save-you-a-bundle---but-is-it-a-good-idea/
Was It Policy or Culture That Doomed Democrats?,2024-11-10T15:04:40Z,Politicalwire.com,Axios: “A fierce divide has emerged from the early autopsies of Democrats' election disaster: Was it policy — or culture — that doomed the party with working-class Americans?”“Joe Biden touted himself as the most pro-union president in U.S. history. He joined…,https://politicalwire.com/2024/11/10/was-it-policy-or-culture-that-doomed-democrats/
FEMA supervisor who told team to ‘avoid’ homes with Trump signs says she’s a ‘patsy’,2024-11-10T15:02:51Z,Newsbreak.com,"EXCLUSIVE — A report from earlier this week showed that a FEMA supervisor advised her team to “avoid” Florida homes “advertising Trump.” That supervisor, Marn’i Washington, says she is a “patsy” and that FEMA made her a “scapegoat.” Washington told the Washin…",https://www.newsbreak.com/share/3668855676618-fema-supervisor-who-told-team-to-avoid-homes-with-trump-signs-says-she-s-a-patsy?_f=app_share&amp;pd=07S8Yty9&amp;lang=en_US&amp;send_time=1731250911&amp;trans_data=%7B%22platform%22%3A0%2C%22cv%22%3A%2224.45.0.31%22%2C%22languages%22%3A%22en%22%7D&amp;sep=ns_foryou_model_exp_24q4-v9%2Cns_foryou_recall_exp_24q4-v7%2Cns_local_strategy_24q4_exp-v7%2Cns_pushv1-v7%2Cns_summary_v1-v3%2Cns_foryou_blend_exp_24q4-v4%2Cns_foryou_rank_exp_24q4-v1&amp;s=i2
43 Monkeys Escape from a South Carolina Medical Research Laboratory,2024-11-10T15:00:26Z,Legalinsurrection.com,"""The animals have never been used for testing due to their young age and size.""
The post 43 Monkeys Escape from a South Carolina Medical Research Laboratory first appeared on Le·gal In·sur·rec·tion.",https://legalinsurrection.com/2024/11/43-monkeys-escape-from-a-south-carolina-medical-research-laboratory/
[Removed],2024-11-10T15:00:18Z,[Removed],[Removed],https://removed.com
Muhammad Ali Center celebrates 11th annual Muhammad Ali Humanitarian Awards,2024-11-10T15:00:00Z,GlobeNewswire,"Awardees included NBA Hall of Famer Shaquille O’Neal, Rock and Roll legend Nile Rodgers, Equal Justice Initiative founder, Emmy-award winning journalist Awardees included NBA Hall of Famer Shaquille O’Neal, Rock and Roll legend Nile Rodgers, Equal Justice Ini…",https://www.globenewswire.com/news-release/2024/11/10/2977988/0/en/Muhammad-Ali-Center-celebrates-11th-annual-Muhammad-Ali-Humanitarian-Awards.html
Auto-Tune always and forever,2024-11-10T14:59:31Z,The Verge,"Thanks to Cher, T-Pain, Kanye West, and so many others, Auto-Tune has dominated pop music for decades. We talk about how, and where it goes next, on The Vergecast.",https://www.theverge.com/2024/11/10/24291307/auto-tune-plugin-culture-music-vergecast
pydrolono added to PyPI,2024-11-10T14:48:50Z,Pypi.org,A Python client for accessing hydrological data from NVE's Hydrology API,https://pypi.org/project/pydrolono/
"When my friend canceled our 40th birthday trip to Paris last minute, I was frustrated. But it led me to meet my French husband.",2024-11-10T14:47:01Z,Business Insider,"I didn't want to travel alone to Paris, but I had no choice. I surprisingly loved it. I booked another solo trip and met my husband abroad.",https://www.businessinsider.com/solo-travel-paris-alone-met-french-husband-2024-11
Furious Dem official brands Kamala Harris’ campaign a ‘$1 billion disaster’ in foul-mouthed tirade,2024-11-10T14:44:23Z,New York Post,"""They’re $20 million or $18 million in debt. It’s incredible, and I raised millions of that. I have friends I have to be accountable to and explain what happened.""",https://nypost.com/2024/11/10/us-news/dnc-official-lindy-li-blasts-harris-campaign-as-a-1-billion-disaster/
FEMA Worker Fired After Telling Flood Team To Skip Homes With Trump Signs,2024-11-10T14:39:46Z,International Business Times,FEMA administrator called the employee's actions 'reprehensible',https://www.ibtimes.com/fema-worker-fired-after-telling-flood-team-skip-homes-trump-signs-3750368
‘Joker: Folie à Deux’ actor says he was in ‘the worst film ever made’,2024-11-10T14:36:25Z,Digital Trends,"Comedian Tim Dillon explained that he knew the movie, which he has a small role in, was a disaster even as they filmed it.",https://www.digitaltrends.com/movies/joker-folie-a-deux-actor-worst-film-ever-made/
Tormenta Tropical Rafael Gráficos,2024-11-10T14:35:25Z,Noaa.gov,"Pista de cinco días de la incertidumbre publicado en Sun, 10 Nov 2024 14:35:25 GMT

 
Probabilidades de la velocidad del viento publicado en Sun, 10 Nov 2024 14:35:25 GMT",https://www.nhc.noaa.gov/refresh/graphics_at3+shtml/143525.shtml?cone
'Defund FEMA' Calls Grow After Worker Told Team to Avoid Trump Supporters,2024-11-10T14:20:07Z,Biztoc.com,"Supporters of Donald Trump are calling for the Federal Emergency Management Agency (FEMA) to be defunded after an employee directed workers helping hurricane survivors to avoid homes with yard signs supporting the president-elect.
FEMA administrator Deanne Cr…",https://biztoc.com/x/c9f9a564189e46f5
'Defund FEMA' Calls Grow After Worker Told Team to Avoid Trump Supporters,2024-11-10T14:09:27Z,Newsweek,An employee who directed workers helping hurricane survivors to avoid homes with signs supporting Trump has reportedly been fired.,https://www.newsweek.com/defund-fema-calls-grow-after-worker-told-team-avoid-trump-supporters-1983426
"Apple Executives Explain Why The New Mac mini Has Its Power Button On The Bottom, While Also Mentioning That Users Do Not Have To Always Switch It Off",2024-11-10T14:08:55Z,Wccftech,"It took some clever engineering to reduce the footprint of the redesigned Mac mini while also equipping it with some incredibly powerful internals. Still critics will be quick to point fingers at Apple on certain decisions, such as moving the power button to …",https://wccftech.com/apple-mac-mini-power-button-on-the-bottom-explained-by-executives/
"Star Wars is following in the MCU's footsteps, but is this the way?",2024-11-10T14:00:00Z,Space.com,Is shaping Star Wars’ next live-action era after the tired Marvel Cinematic Universe the right path forward?,https://www.space.com/entertainment/space-movies-shows/star-wars-is-following-in-the-mcus-footsteps-but-is-this-the-way
Why AMD's new gaming CPU spells disaster for Intel's Arrow Lake,2024-11-10T14:00:00Z,Yahoo Entertainment,,https://consent.yahoo.com/v2/collectConsent?sessionId=1_cc-session_5d7a4754-7498-4978-a679-4998aa5fd9ab
Photo Shows 2 Men Holding 'Doomsday Fish'?,2024-11-10T14:00:00Z,Snopes.com,"A photo shared to social media in September and October 2024 authentically showed two men holding a so-called ""doomsday fish.""",https://www.snopes.com//fact-check/doomsday-fish-photo-oarfish/
"Where We Were, Where We Are",2024-11-10T14:00:00Z,Steynonline.com,"Well, in the country with the world's greatest constitution and the world's lousiest election system, it's now five days since the laughably misnamed ""Election Day"". So how's it going? In California's fourteenth congressional district, they've now",https://www.steynonline.com/14754/where-we-were-where-we-are
Don’t follow leaders,2024-11-10T13:59:12Z,Lawyersgunsmoneyblog.com,"A law professor friend was in a group chat with other law professors, who revealed that on the morning after the election they were told by administrators that: (1) They were not permitted to discuss the election in class; and (2) If they normally cold called…",https://www.lawyersgunsmoneyblog.com/2024/11/dont-follow-leaders-2
The Unchained Word of Life,2024-11-10T13:57:39Z,Dougwils.com,"Acts of the Apostles (12): Introduction: The Founder of the Christian faith, the Lord Jesus, was murdered by the authorities. This is a fact that cannot be emphasized too much. After His resurrection, He ascended into Heaven, and the second generation of Chri…",https://dougwils.com/the-church/s8-expository/world-of-life.html
Watch: Tens of thousands protest in Valencia over flood response,2024-11-10T13:43:23Z,Yahoo Entertainment,,https://consent.yahoo.com/v2/collectConsent?sessionId=1_cc-session_a56eb272-59fa-48e0-94ce-9fbcc9626a95
US official ordered relief workers to skip MAGA houses after hurricane - media,2024-11-10T13:43:06Z,RT,The Daily Wire claims a Federal Emergency Management Agency staffer told employees to ignore houses with Trump signs after Hurricane Milton Read Full Article at RT.com,https://www.rt.com/news/607431-daily-wire-maga-hurricane-victims-discrimination/
The devastation brought by Spain’s floods of the century,2024-11-10T13:35:32Z,Al Jazeera English,At least 212 people died in deadliest deluge in a European country since floods in Portugal in 1967 killed about 500.,https://www.aljazeera.com/gallery/2024/11/10/the-devastation-brought-by-spains-floods-of-the-century
"Philippines to evacuate 2,500 villages ahead of severe storm Toraji",2024-11-10T13:35:22Z,VOA News,"Manila — The residents of 2,500 villages were ordered to evacuate their homes as severe tropical storm Toraji approached the northern Philippines, the government said Sunday, after three massive cyclones battered the country in less than a month.


Nearly 700…",https://www.voanews.com/a/philippines-to-evacuate-2-500-villages-ahead-of-severe-storm-toraji/7858725.html
Hospitals face months of IV fluid shortages after Helene damages N.C. factory,2024-11-10T13:34:20Z,NPR,"Hospitals have been forced to innovate with new ways of hydrating patients and giving them medications, after a key factory that produces IV fluid bags flooded during Hurricane Helene. (This story first aired on Morning Edition on Nov. 7, 2024.)",https://www.npr.org/2024/11/10/nx-s1-5179041-e1/hospitals-face-months-of-iv-fluid-shortages-after-helene-damages-n-c-factory
Hurricane Helene caused big losses for North Carolina's fall tourism industry,2024-11-10T13:34:00Z,NPR,"Tourists stayed away from western North Carolina this year after Helene swept through the area, and towns that depend on leaf lookers are bracing for big losses.",https://www.npr.org/2024/11/10/nx-s1-5184425/hurricane-helene-caused-big-losses-for-north-carolinas-fall-tourism-industry
How to stay out of trouble when you travel in 2025,2024-11-10T13:30:00Z,Elliott.org,"I should have known she was going to be trouble. I was stuck in seat 36J on a flight from Tampa to Zürich, Switzerland, and before the plane even started down the rain-slickened runway, the passenger in front of me turned to her companion and asked, ""How do I…",https://www.elliott.org/on-travel/how-to-stay-out-of-trouble-when-you-travel-in-2025/
"Hungry Palestinians in north Gaza search for food, sealed off from aid for a month by Israeli siege",2024-11-10T13:10:28Z,ABC News,"Palestinians in northern Gaza are rationing out their last supplies of food to survive, with no aid entering the area for the past month under an Israeli siege",https://abcnews.go.com/International/wireStory/hungry-palestinians-north-gaza-search-food-sealed-off-115707295
"Canadian Transit Think Tank CUTRIC Chooses Inaccuracy, Irrelevancy, & Attack",2024-11-10T13:06:13Z,CleanTechnica,"Over the past three weeks, I’ve been assessing various aspects of the Canadian Urban Transit Research and Innovation Consortium’s (CUTRIC) positions, research, and publications on transit bus decarbonization. I’ve published ten articles directly about CUTRIC’…",https://cleantechnica.com/2024/11/10/canadian-transit-think-tank-cutric-chooses-inaccuracy-irrelevancy-attack/
"What Trump’s second term means for Colorado immigrants, public lands, abortion access and Space Command",2024-11-10T13:00:42Z,The Denver Post,"Here's how the coming second term of President-elect Donald Trump could impact Colorado's immigrants, public lands, abortion access and hosting of the U.S. Space Command headquarters.",https://www.denverpost.com/2024/11/10/donald-trump-election-colorado-public-lands-immigration-abortion-space-command/
Colorado wildfires are more extreme than ever. Here’s how state leaders are fighting back.,2024-11-10T13:00:30Z,The Denver Post,"Colorado wildfires are becoming more extreme, and fire officials must seek new and better ways to prevent and fight them.",https://www.denverpost.com/2024/11/10/colorado-wildfires-climate-change-alexander-mountain/
Was Jurassic Park III’s Most Controversial Scene REALLY That Bad?,2024-11-10T13:00:00Z,ComicBook.com,"What an odd franchise Jurassic Park is. The saga started with one of the most beloved motion pictures in history, with a Steven Spielberg directorial effort that still endures as one of the best big-budget movies ever produced. Subsequent entries in the Juras…",http://comicbook.com/movies/news/jurassic-park-3-iii-talking-raptor-scene-explained-reactions-memes-sam-neill/
Insignificant Events In The Life Of A Cactus To Be A Graphic Novel,2024-11-10T12:57:08Z,Bleeding Cool News,"Dusti Bowling is writing a graphic novel adaptation of his own middle-grade novel Insignificant Events in the Life of a Cactus, to be drawn by Charlotte Blocker. The story follows a spirited girl ""born without arms and a boy with Tourette syndrome navigating …",https://bleedingcool.com/comics/insignificant-events-in-the-life-of-a-cactus-to-be-a-graphic-novel/
How Badly Harris Lost and Why,2024-11-10T12:38:03Z,Freerepublic.com,"Around the world, even before he’s sworn into office, the Trump win is having significant impact. Donald Trump appears to have been the first Republican in 20 years to win the popular vote. Scouring the internet, the only Democrat figure who seems to be smili…",https://freerepublic.com/focus/f-chat/4277367/posts
"What You Need To Know About Preparing For Emergencies, According To A Top Survivalist",2024-11-10T12:37:23Z,Activistpost.com,"Authored by Krista Thomas via The Epoch Times (emphasis ZeroHedge) The Expert EJ Snyder knows a thing or two about survival. After 25 years in the...
What You Need To Know About Preparing For Emergencies, According To A Top Survivalist",https://activistpost.com/2024/11/what-you-need-to-know-about-preparing-for-emergencies-according-to-a-top-survivalist.html
The Bernie vs. Nancy dispute,2024-11-10T12:09:55Z,Biztoc.com,"A fierce divide has emerged from the early autopsies of Democrats' election disaster: Was it policy — or culture — that doomed the party with working-class Americans?
Why it matters: Joe Biden touted himself as the most pro-union president in U.S. history. He…",https://biztoc.com/x/c0b642e95f5425ea
Oklahoma State football grades vs TCU: Brennan Presley only bright spot for Cowboys,2024-11-10T12:04:09Z,Oklahoman.com,"On a night Oklahoma State's bowl streak ended, there was little to like about the Cowboys' performance. The report card reflects the misery.",https://www.oklahoman.com/story/sports/college/cowboys/2024/11/10/oklahoma-state-football-grades-vs-tcu-brennan-presley-osu-cowboys-horned-frogs/76170012007/
The Top 10 Landing Spots for Rangers SP Max Scherzer in MLB Free Agency,2024-11-10T12:00:00Z,Bleacher Report,"From 2013-22, Max Scherzer was the best pitcher in baseball. He won three Cy Youngs and nearly won several others, posting a 2.78 ERA, 0.98 WHIP and 11.3 K/9…",https://bleacherreport.com/articles/10142654-the-top-10-landing-spots-for-rangers-sp-max-scherzer-in-mlb-free-agency
What It Means That God Is Rich in Mercy,2024-11-10T12:00:00Z,Crossway.org,Nowhere else in the Bible is God described as rich in anything. The only thing he is called rich in is mercy. What does this mean?,https://www.crossway.org/articles/what-it-means-that-god-is-rich-in-mercy/
FEMA Worker Fired Over Order on Pro-Trump Homes,2024-11-10T12:00:00Z,Newser,"A FEMA worker has been fired after she directed workers helping hurricane survivors not to go to homes with yard signs supporting Donald Trump, the agency's leader said Saturday. ""This is a clear violation of FEMA's core values and principles to help people r…",https://www.newser.com/story/359245/fema-worker-told-others-not-to-help-pro-trump-homes.html
Links 11/10/2024,2024-11-10T11:55:51Z,Nakedcapitalism.com,,https://www.nakedcapitalism.com/2024/11/links-11-10-2024.html
SECURITY AFFAIRS MALWARE NEWSLETTER – ROUND 19,2024-11-10T11:48:52Z,Securityaffairs.com,Security Affairs Malware newsletter includes a collection of the best articles and research on malware in the international landscape. Security Affairs Malware newsletter includes a collection of the best articles and research on malware in the international …,https://securityaffairs.com/170771/breaking-news/security-affairs-malware-newsletter-round-19.html
Why bad bosses think they are doing a great job,2024-11-10T11:43:00Z,Fast Company,"Google “bad bosses,” and most of what pops up are survival guides for employees—like how to “survive a bad boss,” as if bad leadership is just another natural disaster we need to ride out. We shouldn’t have to survive our day jobs. Leaders shouldn’t be someon…",https://www.fastcompany.com/91223943/why-bad-bosses-think-theyve-doing-a-good-job
Security Affairs newsletter Round 497 by Pierluigi Paganini – INTERNATIONAL EDITION,2024-11-10T11:28:39Z,Securityaffairs.com,"A new round of the weekly SecurityAffairs newsletter arrived! Every week the best security articles from Security Affairs are free in your email box. Enjoy a new round of the weekly SecurityAffairs newsletter, including the international press. Mazda Connect …",https://securityaffairs.com/170764/breaking-news/security-affairs-newsletter-round-497-by-pierluigi-paganini-international-edition.html
Australian Defence Force arrives in Indonesia ahead of largest joint exercises,2024-11-10T11:21:00Z,The Star Online,"BANYUWANGI (Reuters) - Members of the Australian Defence Force (ADF) arrived on Sunday with their warship docking at Banyuwangi in East Java, Indonesia for a joint military exercise, which will involve 2,000 personnel from both countries. Read full story",https://www.thestar.com.my/news/world/2024/11/10/australian-defence-force-arrives-in-indonesia-ahead-of-largest-joint-exercises
"Floods in Spain: Crypto exchange MEXC donates €100,000 to support local relief and resilience",2024-11-10T11:06:29Z,Coinjournal.net,"MEXC, a leading global cryptocurrency exchange, has pledged a €100,000 donation to support relief efforts following the devastating floods that recently struck Valencia, Spain. Heavy rainfall has caused severe flooding across parts of Spain, resulting in wide…",https://coinjournal.net/news/floods-in-spain-crypto-exchange-mexc-donates-e100000-to-support-local-relief-and-resilience/
Hurrikan-Jäger über Extrem-Einsatz: Plötzlich flog das Dach weg,2024-11-10T11:03:49Z,Berliner Morgenpost,"Von Hurrikan Beryl bis Milton: Hurrikan-Jäger Jonathan Petramala ist vor Ort. Hier erklärt er, was ihn an dem gefährlichen Job reizt.",https://www.morgenpost.de/panorama/article407514230/hurrikan-jaeger-ueber-extrem-einsatz-ploetzlich-flog-das-dach-weg.html
Veterans Day deals 2024: Restaurants with free meals include Chili's,2024-11-10T11:03:26Z,USA Today,"For Veterans Day, here's a list of of more than 80 businesses where veterans and active military personnel can get free food, discounts and more.",https://www.usatoday.com/story/money/food/2024/11/10/veterans-day-deals-2024/76072069007/
[Removed],2024-11-10T11:00:47Z,[Removed],[Removed],https://removed.com
[Removed],2024-11-10T11:00:16Z,[Removed],[Removed],https://removed.com
Hasan Piker on Kamala Harris Loss: 'You Can't Podcast Your Way Out of This',2024-11-10T11:00:02Z,Newsweek,"""You can't actively act like things are perfectly fine when things have not been fine for Americans for quite some time,"" the leftist influencer told Newsweek.",https://www.newsweek.com/hasan-piker-kamala-harris-loss-failures-podcast-twitch-streamer-progressive-politics-1983001
NFL Week 10 Player Prop Picks: 3 Best Bets for Sunday,2024-11-10T11:00:01Z,Newsweek,Newsweek's NFL betting expert provides the best NFL Week 10 player prop picks and predictions for today's betting slate.,https://www.newsweek.com/nfl-player-prop-picks-week-10-1981750
[Removed],2024-11-10T11:00:00Z,[Removed],[Removed],https://removed.com
Democrats Tried to Counter Donald Trump’s Viciousness Toward Women with Condescension,2024-11-10T11:00:00Z,The New Yorker,Jill Lepore writes that the Harris campaign felt the need to remind women voters that they can vote for whomever they want. Women understood this. The campaign failed to.,https://www.newyorker.com/magazine/dispatches/democrats-tried-to-counter-donald-trumps-viciousness-toward-women-with-condescension
"Our noble war: Israel's soldiers must uphold dignity of themselves, Palestinians",2024-11-10T10:56:13Z,The Jerusalem Post,"This conflict represents deep ideals and carries the burden of historical truths. We must wage it with clarity of vision, unwavering moral conviction, and noble behavior.",https://www.jpost.com/opinion/article-828369
Bernie Sanders' Election Take Called Out by Former Adviser: 'Have a Seat',2024-11-10T10:49:10Z,Newsweek,"Tezlyn Figaro criticized Sanders' response to the 2024 presidential election, before saying Harris ""didn't have a chance in hell.""",https://www.newsweek.com/bernie-sanders-election-take-called-out-former-advisor-1983407
Scientists warn of dangerous issue cropping up weeks after hurricane devastation — here's what you need to know,2024-11-10T10:45:31Z,Yahoo Entertainment,"""When it’s damp, the likelihood of [this] increases.”",https://www.yahoo.com/news/scientists-warn-dangerous-issue-cropping-104531462.html
Community scrambles after top insurance company refuses to pay out homeowners following destructive hurricane: 'Denied or closed with no payment',2024-11-10T10:45:02Z,Yahoo Entertainment,The combined worth of residential claims from both hurricanes Helene and Milton is estimated at nearly $2.8 billion.,https://www.yahoo.com/news/community-scrambles-top-insurance-company-104502294.html
"Israeli strike on Gaza house kills many, medics and rescuers say",2024-11-10T10:43:44Z,BBC News,Gaza's civil defence agency says 13 children were among the dead in Jabalia.,https://www.bbc.com/news/articles/cd6v3zq2jvjo?xtor=AL-72-%5Bpartner%5D-%5Byahoo.north.america%5D-%5Bheadline%5D-%5Bnews%5D-%5Bbizdev%5D-%5Bisapi%5D
"Israeli strike on Gaza house kills many, medics and rescuers say",2024-11-10T10:43:39Z,BBC News,Gaza's civil defence agency says 13 children were among the dead in Jabalia.,https://www.bbc.com/news/articles/cd6v3zq2jvjo
"DAD'S BACK!! QUICK, HIDE THE BONG!!",2024-11-10T10:40:13Z,Freerepublic.com,The response to the re-election of Donald Trump to the presidency reminds me nothing more than the response of disobedient teenagers upon finding out their father is pulling into the driveway. Consider: Putin says western civilization is not an enemy In a rec…,https://freerepublic.com/focus/f-chat/4277354/posts
"DAD'S BACK!! QUICK, HIDE THE BONG!!",2024-11-10T10:40:13Z,Freerepublic.com,The response to the re-election of Donald Trump to the presidency reminds me nothing more than the response of disobedient teenagers upon finding out their father is pulling into the driveway. Consider: Putin says western civilization is not an enemy In a rec…,https://freerepublic.com/focus/f-news/4277354/posts
"Hyatt All-Inclusive Resorts Outnumber IHG, Marriott, Hilton",2024-11-10T10:39:30Z,Liveandletsfly.com,"Hyatt all-inclusive resorts now outnumber Intercontinental Hotels Group, Marriott, and Hilton combined. But storms disrupted an otherwise ideal 2024 performance.  If you are considering booking travel LiveAndLetsFly.com appreciates your support. If you haven’…",https://liveandletsfly.com/hyatt-all-inclusive-resorts-outnumber-ihg-marriott-hilton/
weeklyOSM: weeklyOSM 746,2024-11-10T10:38:12Z,Weeklyosm.eu,31/10/2024-06/11/2024 Participants at SotM Nigeria 2024 [1] | © Calvin Menttor Mapping Requests for comments have been made on these proposals: virtual_tour=* to link to 3D virtual tours of locatio…,https://weeklyosm.eu/archives/17580
"Odisha start-up launches fully made-in-India, autonomous logistics drone service",2024-11-10T10:23:20Z,BusinessLine,"Air Orca is fully designed, developed and manufactured in India by Odisha-based start-up Bon V Aero and is equipped to serve as a first responder in post-disaster scenarios",https://www.thehindubusinessline.com/economy/logistics/odisha-start-up-launches-fully-autonomous-logistics-drone-service/article68852020.ece
10 melhores filmes antigos de boxe para assistir nos streamings,2024-11-10T10:20:00Z,Olhardigital.com.br,"Selecionamos dez filmes clássicos de boxe que vão de cinebiografias de grandes lutadores a dramas fictícios com grandes interpretações.
O post 10 melhores filmes antigos de boxe para assistir nos streamings  apareceu primeiro em Olhar Digital.",https://olhardigital.com.br/2024/11/10/cinema-e-streaming/10-melhores-filmes-antigos-de-boxe-para-assistir-nos-streamings/
[Removed],2024-11-10T10:15:55Z,[Removed],[Removed],https://removed.com
[Removed],2024-11-10T10:08:04Z,[Removed],[Removed],https://removed.com
Tether’s $1 Billion Mint Raises Excitement For SOL Ecosystem – But Could Script Network (SCPT) Be The Better Play?,2024-11-10T10:03:21Z,The Punch,"As Tether mints another $1 billion USDT, the crypto market is witnessing a renewed surge in liquidity, sparking increased speculation about the next big moves. Analysts are watching closely to see which projects might benefit most from this fresh capital inje…",https://punchng.com/tethers-1-billion-mint-raises-excitement-for-sol-ecosystem-but-could-script-network-scpt-be-the-better-play/
Google's head of research on whether 'learn to code' is still good advice in the age of AI,2024-11-10T10:01:59Z,Business Insider,Google VP and Head of Research Yossi Matias said learning to code remains 'as important as ever' despite a changing tech landscape.,https://www.businessinsider.com/google-research-head-career-advice-learn-to-code-2024-11
Bird flu among pigs should worry humans too,2024-11-10T10:00:17Z,Livemint,"While virus outbreaks have waxed and waned, in 2022 something strange started happening with vastly more birds and mammals getting infected and even dying globally. Scientists need to conduct more research to understand this virus. After covid, we know the ri…",https://www.livemint.com/opinion/online-views/bird-flu-pigs-virus-outbreak-h5n1-virus-mammals-pandemic-chickens-11731230798297.html
Indonesia's new leader calls for collaboration with China before heading to the US,2024-11-10T10:00:13Z,seattlepi.com,Indonesia's new leader has called for collaboration rather than confrontation with China. President Prabowo Subianto made the remarks at a business forum in Beijing on Sunday after the signing of $10 billion in investment deals with Chinese companies. Subiant…,https://www.seattlepi.com/news/world/article/indonesia-s-new-leader-calls-for-collaboration-19904275.php
"As Australia puts more focus on climate change, New Zealand is accused of pulling back",2024-11-10T10:00:00Z,NBC News,"In a role reversal of sorts, Australia has been taking a more aggressive stance on climate change, while its neighbor New Zealand is accused of pulling back.",https://www.nbcnews.com/news/world/australia-puts-focus-climate-change-new-zealand-accused-pulling-back-rcna177757
[Removed],2024-11-10T09:59:15Z,[Removed],[Removed],https://removed.com
Indonesia's new leader calls for collaboration with China before heading to US,2024-11-10T09:58:27Z,ABC News,Indonesia's new leader has called for collaboration rather than confrontation with China,https://abcnews.go.com/International/wireStory/indonesias-new-leader-calls-collaboration-china-heading-us-115706634
Indonesia's new leader calls for collaboration with China before heading to the US,2024-11-10T09:50:30Z,ABC News,Indonesia's new leader has called for collaboration rather than confrontation with China,https://abcnews.go.com/Business/wireStory/indonesias-new-leader-calls-collaboration-china-heading-us-115706635
How to Organize an Assembly : Preparing to Respond in an Era of Disasters and Despotism,2024-11-10T09:45:35Z,Crimethinc.com,"In an era of disasters and despotism, one way to get people connected and ready to respond is to host an open assembly. Here's how.",https://crimethinc.com/2024/11/10/how-to-organize-an-assembly-preparing-to-respond-to-an-era-of-disasters-and-despotism
Indonesia's new leader calls for collaboration with China before heading to US,2024-11-10T09:35:22Z,VOA News,"BEIJING — Indonesia's new leader called for collaboration rather than confrontation with China after the signing of $10 billion in new deals at a business forum on Sunday in the Chinese capital before heading to the U.S. 


President Prabowo Subianto told the…",https://www.voanews.com/a/indonesia-s-new-leader-calls-for-collaboration-with-china-before-heading-to-us/7858656.html
"Trump vowed to oust SEC Chairman Gary Gensler, and these crypto advocates could take his place",2024-11-10T09:33:00Z,Fortune,"While Trump in July promised to fire Gensler on day one of his second administration, he technically can’t remove Gensler (without cause) until his term ends in 2026.",https://fortune.com/2024/11/10/who-could-trump-name-to-replace-sec-chair-gary-gensler-crypto-policy-advocates/
Shimmick (SHIM) to Release Quarterly Earnings on Tuesday,2024-11-10T09:23:06Z,ETF Daily News,"Shimmick (NASDAQ:SHIM – Get Free Report) is set to post its quarterly earnings results before the market opens on Tuesday, November 12th. Analysts expect Shimmick to post earnings of ($0.38) per share for the quarter. Parties that wish to listen to the compan…",https://www.etfdailynews.com/2024/11/10/shimmick-shim-to-release-quarterly-earnings-on-tuesday/
Florida's iconic Key deer face an uncertain future as seas rise,2024-11-10T09:19:29Z,VOA News,"BIG PINE KEY, Florida — The world's only Key deer, the smallest subspecies of the white-tailed deer, are found in piney and marshy wetlands bordered by the Atlantic Ocean and Gulf of Mexico on the Florida Keys. For years, their biggest threat was being struck…",https://www.voanews.com/a/florida-s-iconic-key-deer-face-an-uncertain-future-as-seas-rise/7856241.html
U.S. agency cautions employees to limit phone use due to Salt Typhoon hack of telco providers,2024-11-10T09:12:54Z,Securityaffairs.com,US CFPB warns employees to avoid work-related mobile calls and texts following China-linked Salt Typhoon hack over security concerns. The US government’s Consumer Financial Protection Bureau (CFPB) advises employees to avoid using cellphones for work after Ch…,https://securityaffairs.com/170737/hacking/u-s-agency-limit-phone-use-due-to-salt-typhoon-hack.html
"Barranco del Poyo: las 100 inundaciones de la rambla ""furiosa"" en dos siglos y medio",2024-11-10T09:05:31Z,Elperiodico.com,"""Su profundo y ancho cauce siempre está seco, salvo en las avenidas, cuando recibe tantas aguas y corre tan furiosamente, que destruye cuanto encuentra..."". Así empieza el relato de la primera de las 100 inundaciones documentadas del barranco del Poyo en los …",https://www.elperiodico.com/es/sociedad/20241110/barranco-poyo-100-inundaciones-rambla-111554401
"Under monthlong Israeli siege, hunger reaches dire levels in North Gaza",2024-11-10T09:02:50Z,VOA News,"JERUSALEM — With virtually no food allowed into the northernmost part of Gaza for the past month, tens of thousands of Palestinians under Israeli siege are rationing their last lentils and flour to survive. As bombardment pounds around them, some say they ris…",https://www.voanews.com/a/under-monthlong-israeli-siege-hunger-reaches-dire-levels-in-north-gaza/7858652.html
An Israeli's life in Haifa under constant rocket fire,2024-11-10T09:02:11Z,The Jerusalem Post,I have been living in Haifa for the past two years. Now Iran is threatening to flatten the glorious Carmel mountain range with a crushing response. This intense war is a test of wills.,https://www.jpost.com/israel-news/article-828348
"Wetland protections are shifting, especially in Ottawa",2024-11-10T09:00:00Z,CBC News,CBC Ottawa spent time in the city's rural areas and reviewed many documents to learn how Ontario's controversial updated scorecard has affected three local wetlands.,https://www.cbc.ca/news/canada/ottawa/wetland-evaluation-series-three-tales-1.7375527
California wildfire: Firefighters gain ground as weather conditions improve,2024-11-10T08:58:24Z,The Irish Times,"Evacuation orders downgraded as firefighters aided by lighter winds, mild temperatures and low humidity",https://www.irishtimes.com/world/us/2024/11/10/california-wildfire-firefighters-gain-ground-as-weather-conditions-improve/
"Video: Clashes erupt in Valencia, Spain over gov’t flood response",2024-11-10T08:56:05Z,Al Jazeera English,Violent clashes erupted in Valencia between police and protesters who were demanding accountability over flash floods in,https://www.aljazeera.com/program/newsfeed/2024/11/10/video-clashes-erupt-in-valencia-spain-over-govt-flood-response
[Removed],2024-11-10T08:55:14Z,[Removed],[Removed],https://removed.com
Jeep anunció los precios de sus dos nuevos SUV,2024-11-11T12:06:06Z,Perfil.com,Tanto el Wagoneer como el Grand Wagoneer se actualizan en el mercado norteamericano. Leer más,https://parabrisas.perfil.com/noticias/novedades/jeep-anuncio-los-precios-de-sus-dos-nuevos-suv.phtml
WTI Breaks Below $70 as Demand Concerns Drive Bearish Sentiment,2024-11-11T12:05:15Z,Biztoc.com,"West Texas Intermediate broke below $70 per barrel on Monday as Hurricane Rafael weakened to a storm that is unlikely to cause any damage to U.S. oil production in the Gulf of Mexico.
Separately, oil benchmarks got depressed by trader pessimism about Chinese …",https://biztoc.com/x/319067f36b70fdfd
CaixaBank deploys mobile branches to towns affected by the flash flooding in Spain,2024-11-11T12:04:00Z,Finextra,"CaixaBank has received authorisation to deploy mobile branches to provide essential banking services, such as cash withdrawals, advance requests, loan moratorium management, or insurance processing, in some of the towns where it is not possible to offer servi…",https://www.finextra.com/pressarticle/103092/caixabank-deploys-mobile-branches-to-towns-affected-by-the-flash-flooding-in-spain
COP29: Push for agreement on a new climate finance deal ‘right from the start’,2024-11-11T12:00:00Z,UN News,"Following another year of record-high global heat and extreme weather events, UN climate chief Simon Stiell told negotiators at COP29 in Baku that setting an ambitious new climate finance target is crucial for the well-being of all nations, including the weal…",https://news.un.org/en/story/2024/11/1156776
Tom Martin on LawDroid’s Impact in Legal Tech,2024-11-11T11:54:44Z,Geeklawblog.com,"This week we welcome Tom Martin, founder of LawDroid, a pioneering AI platform aimed at transforming legal workflows through automation and no-code solutions. Tom shares his journey from practicing law to creating LawDroid, which supports legal professionals …",https://www.geeklawblog.com/2024/11/tom-martin-on-lawdroids-impact-in-legal-tech.html
The Brief – COP climate summit is no longer the only game in town,2024-11-11T11:54:00Z,EURACTIV,"COP29 does not look promising, as few world leaders will attend.",https://www.euractiv.com/section/energy-environment/opinion/the-brief-cop-climate-summit-is-no-longer-the-only-game-in-town/
COP29 Opens in Azerbaijan With Climate Finance at Top of Agenda,2024-11-11T11:53:47Z,Time,A focus of this year's annual climate event will be striking a new deal on—possibly worth trillions—helping poor countries in the green transition.,https://time.com/7174844/cop29-azerbaijan-climate-funding/
The Wall Street Journal Did Not Hold Back Regarding What Dems Are Trying to Do in PA,2024-11-11T11:52:30Z,Freerepublic.com,"This race is over. Republican Dave McCormick ousted Democratic incumbent Sen. Bob Casey in the 2024 election. It’s over. McCormick is senator-elect and should be invited to the Senate’s orientation. Yet, Casey and lawyer Marc Elias are trying to steal the ele…",https://freerepublic.com/focus/f-news/4277562/posts
Historic drought fuels blazes across Northeast as wildfires burn on both coasts,2024-11-11T11:42:25Z,NBC News,"Firefighters from coast to coast are battling wildfires even as the country begins to prepare for the holiday season, with fires in New Jersey covering thousands of acres in tinderbox conditions created by a historic drought.",https://www.nbcnews.com/weather/wildfires/historic-drought-fuels-blazes-northeast-wildfires-burn-both-coasts-rcna179548
Nikos Tachiaos: What’s happening with the flood control project in Attica and the Attikopsaro fish,2024-11-11T11:40:41Z,Protothema.gr,"The Deputy Minister of Transport and Infrastructure explained why the flood control works on the Erasinos River have been halted
The post Nikos Tachiaos: What’s happening with the flood control project in Attica and the Attikopsaro fish appeared first on Prot…",https://en.protothema.gr/2024/11/11/nikos-tachiaos-whats-happening-with-the-flood-control-project-in-attica-and-the-attikopsaro-fish/
Starlink and Telcos debate level playing field issues between telecom and satcom in TRAI consultation,2024-11-11T11:29:40Z,MediaNama.com,"Telcos speak about safeguarding investments made by terrestrial operators for 3 decades to ensure a level playing field for satcom and telecom authorisation 
The post Starlink and Telcos debate level playing field issues between telecom and satcom in TRAI con…",https://www.medianama.com/2024/11/223-starlink-and-telcos-debate-level-playing-field-between-telecom-and-satcom-in-trai-consultation/
"Frente a la catástrofe de la DANA, solidaridad fiscal",2024-11-11T11:26:41Z,Nuevatribuna.es,"Ante la magnitud de la catástrofe y los enormes recursos necesarios para restablecer la normalidad, sería conveniente introducir un porcentaje adicional en el Impuesto sobre la Renta.",https://www.nuevatribuna.es/articulo/actualidad/frente-catastrofe-dana-solidaridad-fiscal/20241111122641232293.html
"After hurricanes, two earthquakes jolt crisis-hit Cuba",2024-11-11T11:22:59Z,Raw Story,"Two powerful earthquakes rocked southern Cuba in quick succession on Sunday, U.S. geologists said, just days after the island was struck by a hurricane that knocked out power nationwide.The quakes cracked walls and damaged homes, but did not appear to have ca…",https://www.rawstory.com/after-hurricanes-two-earthquakes-jolt-crisis-hit-cuba/
Centre approves fire services projects worth Rs 725 cr for three states,2024-11-11T11:14:30Z,The Times of India,"A high-level committee led by Amit Shah approved over Rs 725 crore for modernizing fire services in Chhattisgarh, Odisha, and West Bengal. This initiative is part of a larger national effort to improve disaster management and reduce risks, with over Rs 21,000…",https://economictimes.indiatimes.com/news/india/centre-approves-fire-services-projects-worth-rs-725-crore-for-three-states/articleshow/115179254.cms
Thousands flee as fourth typhoon in a month hits Philippines,2024-11-11T11:12:25Z,Hurriyet Daily News,"Thousands of people sought shelter and ports shut down in the Philippines on Sunday, officials said, as the disaster-weary nation was struck by another typhoon, the fourth in less than a month.",https://www.hurriyetdailynews.com/thousands-flee-as-fourth-typhoon-in-a-month-hits-philippines-202485
The Role of Decentralized Off-grid Net-Zero Infrastructure in Achieving India’s 2070 Sustainability Goals,2024-11-11T11:10:09Z,The Times of India,"Empowering communities especially in remote areas, to have growth and development opportunities, while India as a whole moves closer to its Aatmanirbhar vision—a self-reliant, economy for all.",https://economictimes.indiatimes.com/news/india/the-role-of-decentralized-off-grid-net-zero-infrastructure-in-achieving-indias-2070-sustainability-goals/articleshow/115179009.cms
Thousands flee as fourth typhoon in a month hits Philippines,2024-11-11T11:06:03Z,Raw Story,"Thousands of people sought shelter and ports shut down in the Philippines on Monday, officials said, as the disaster-weary nation was struck by another typhoon -- the fourth in less than a month.Typhoon Toraji hit near Dilasag town, about 220 kilometers (140 …",https://www.rawstory.com/thousands-flee-as-fourth-typhoon-in-a-month-hits-philippines/
[Removed],2024-11-11T11:00:48Z,[Removed],[Removed],https://removed.com
Novedades Destacadas: Noviembre 2024,2024-11-11T11:00:41Z,Zonanegativa.com,El año entra en su recta final pero no podemos hacerlo sin nuestra dosis de Novedades Destacadas... ¡vamos con la edición de noviembre!,https://www.zonanegativa.com/novedades-destacadas-noviembre-2024/
[Removed],2024-11-11T11:00:40Z,[Removed],[Removed],https://removed.com
[Removed],2024-11-11T11:00:24Z,[Removed],[Removed],https://removed.com
"At COP29, the Sun Sets on U.S. Climate Leadership",2024-11-11T11:00:00Z,The New Yorker,"Just how bad a second Trump Administration will be for climate policy remains to be seen, but the most likely scenarios are all pretty bleak.",https://www.newyorker.com/news/the-lede/at-cop29-the-sun-sets-on-us-climate-leadership
European Parliament to urge Russia shadow fleet crackdown,2024-11-11T11:00:00Z,POLITICO.eu,"The resolution, seen by POLITICO, responds to growing fears the illicit fleet could cause an environmental disaster in EU waters.",https://www.politico.eu/article/european-parliament-to-urge-russia-shadow-fleet-crackdown/
What to Expect From Trump’s Next Term: More E. Coli and Fewer Vaccines,2024-11-11T11:00:00Z,The New Republic,"Last month, an E. coli outbreak swept through McDonald’s restaurants in 13 states, killing one person and sickening 89 others, including 27 people who needed to be hospitalized. Within days, an investigation led by the U.S. Centers for Disease Control and Pre…",https://newrepublic.com/article/188219/trump-term-public-health-vaccines-e-coli
"U.S. Sens. Bernie Sanders, Chris Murphy call for Democratic Party reset after 2024 ‘cataclysm’",2024-11-11T10:54:29Z,Boston Herald,"“Bottom line, if you're an average working person out there do you really think that the Democratic Party is going to the mat, taking on powerful special interests, and fighting for you? I think the overwhelming answer is no, and that is what has got to chang…",https://www.bostonherald.com/2024/11/11/u-s-sens-bernie-sanders-chris-murphy-call-for-democratic-party-reset-after-2024-cataclysm/
The coming reign of the only child,2024-11-11T10:38:01Z,Business Insider,Kids without siblings are suddenly everywhere — and they might just save America.,https://www.businessinsider.com/coming-reign-only-child-americans-fewer-babies-siblings-costs-2024-11
Un estudio de 2020 a disposición de Defensa ya alertaba del riesgo de inundación en las zonas devastadas por la DANA de Valencia,2024-11-11T10:31:43Z,Meneame.net,"Un estudio publicado por el Instituto Español de Estudios Estratégicos (IEEE), dependiente del Ministerio de Defensa, identificó hace cuatro años la zona de Xirivella-Catarroja, en Valencia, como una de las 14 áreas costeras con mayor riesgo de inundación, as…",https://www.meneame.net/m/actualidad/estudio-2020-disposicion-defensa-ya-alertaba-riesgo-inundacion
"Verdence Capital Advisors LLC Sells 918 Shares of Goosehead Insurance, Inc (NASDAQ:GSHD)",2024-11-11T10:26:01Z,ETF Daily News,"Verdence Capital Advisors LLC decreased its position in shares of Goosehead Insurance, Inc (NASDAQ:GSHD – Free Report) by 9.4% during the 3rd quarter, Holdings Channel reports. The institutional investor owned 8,873 shares of the company’s stock after selling…",https://www.etfdailynews.com/2024/11/11/verdence-capital-advisors-llc-sells-918-shares-of-goosehead-insurance-inc-nasdaqgshd/
Financial Analysis: Shimmick (SHIM) and Its Competitors,2024-11-11T10:19:00Z,ETF Daily News,"Shimmick (NASDAQ:SHIM – Get Free Report) is one of 19 publicly-traded companies in the “Heavy construction, except building construction – contractors” industry, but how does it contrast to its competitors? We will compare Shimmick to similar companies based …",https://www.etfdailynews.com/2024/11/11/financial-analysis-shimmick-shim-and-its-competitors/
"Air Force, Army complete humanitarian missions in the Philippines",2024-11-11T10:18:48Z,Antaranews.com,A total of 24 Indonesian Air Force and Army personnel completed the two-week humanitarian missions to send aid to victims of the tropical storm Kristine ...,https://en.antaranews.com/news/333701/air-force-army-complete-humanitarian-missions-in-the-philippines
Mammoth N.J. wildfire that left 1 firefighter dead continues to grow - NJ.com,2024-11-11T10:13:04Z,Slashdot.org,"Mammoth N.J. wildfire that left 1 firefighter dead continues to growNJ.com NYC air quality unhealthy as smoke blankets tri-state; mayor bans park grillingNBC New York Fire at New Jersey-New York border still uncontrolled after burning over 2,500 acresABC News…",https://slashdot.org/firehose.pl?op=view&amp;id=175448511
Perion Network Ltd. (NASDAQ:PERI) Shares Purchased by Equitable Trust Co.,2024-11-11T10:05:01Z,ETF Daily News,"Equitable Trust Co. increased its position in shares of Perion Network Ltd. (NASDAQ:PERI – Free Report) by 19.1% in the 3rd quarter, according to the company in its most recent disclosure with the Securities and Exchange Commission. The fund owned 65,770 shar…",https://www.etfdailynews.com/2024/11/11/perion-network-ltd-nasdaqperi-shares-purchased-by-equitable-trust-co/
Pentair plc (NYSE:PNR) Shares Bought by Leavell Investment Management Inc.,2024-11-11T10:04:55Z,ETF Daily News,"Leavell Investment Management Inc. increased its position in Pentair plc (NYSE:PNR – Free Report) by 24.3% in the 3rd quarter, according to the company in its most recent Form 13F filing with the Securities & Exchange Commission. The firm owned 3,976 shares o…",https://www.etfdailynews.com/2024/11/11/pentair-plc-nysepnr-shares-bought-by-leavell-investment-management-inc/
Compass CEO Robert Reffkin: Zillow will be the national MLS,2024-11-11T10:00:49Z,Inman,"Reffkin continued his campaign against the Clear Cooperation Policy at the National Association of Realtor's annual NAR NXT conference during a ""Future of the MLS"" session Friday.",https://www.inman.com/2024/11/11/compass-ceo-robert-reffkin-zillow-will-be-the-national-mls/
"Donald Trump Picks Tom Homan to Oversee Border Security, Deportations",2024-11-11T09:59:26Z,Breitbart News,"Border hawk Thomas Homan is getting a prize border security job in the new administration, incoming President Donald Trump said in a message via his Truth Social media network.
The post Donald Trump Picks Tom Homan to Oversee Border Security, Deportations app…",https://www.breitbart.com/immigration/2024/11/11/trump-picks-tom-homan-to-oversee-border-security-deportations/
"On Poetry as Historical Record, the Legacy of Colonialism, and Depicting Disaster in Verse",2024-11-11T09:55:39Z,Lithub.com,"Lit Hub is excited to feature another entry in a new series from Poets.org: “enjambments,” a monthly interview series with new and established poets. This month, they spoke to Dorsía Smith Silva. Dorsía Smith Silva is the author of In Inheritance of Drowning …",https://lithub.com/on-poetry-as-historical-record-the-legacy-of-colonialism-and-depicting-disaster-in-verse/
WTI Breaks Below $70 as Demand Concerns Drive Bearish Sentiment,2024-11-11T09:54:37Z,OilPrice.com,"West Texas Intermediate broke below $70 per barrel on Monday as Hurricane Rafael weakened to a storm that is unlikely to cause any damage to U.S. oil production in the Gulf of Mexico. Separately, oil benchmarks got depressed by trader pessimism about Chinese …",https://oilprice.com/Latest-Energy-News/World-News/WTI-Breaks-Below-70-as-Demand-Concerns-Drive-Bearish-Sentiment.html
"He’ll try, but Trump can’t stop the clean energy revolution",2024-11-11T09:45:00Z,Grist,"The cost of renewables is plummeting, heat pumps are selling like crazy, and red states are raking in cash from the IRA. There's no stopping the inevitable.",http://grist.org/article/hell-try-but-trump-cant-stop-the-clean-energy-revolution/
"He’ll try, but Trump can’t stop the clean energy revolution",2024-11-11T09:45:00Z,Grist,"The cost of renewables is plummeting, heat pumps are selling like crazy, and red states are raking in cash from the IRA. There's no stopping the inevitable.",http://grist.org/economics/hell-try-but-trump-cant-stop-the-clean-energy-revolution/
Fahmi: Govt not blocking social media platforms that fail to apply for licensing after 1st Jan 2025,2024-11-11T09:43:06Z,SoyaCincau.com,"The government has no intention of blocking internet messaging services and social media platforms that fail to apply for licensing after the 1st of January 2025, according to Communications Ministry, Fahmi Fadzil. Just in case you missed it, internet messagi…",https://soyacincau.com/2024/11/11/govt-not-blocking-social-media-platforms-fail-to-apply-for-licensing/
"Melaka fuming over Sungai Udang landfill pollution, wants federal investigation",2024-11-11T09:36:00Z,The Star Online,MELAKA: The state government here wants the Housing and Local Government Ministry to take action against the Sungai Udang sanitary solid waste landfill operator for failing to clean up its act. Read full story,https://www.thestar.com.my/news/nation/2024/11/11/melaka-fuming-over-sungai-udang-landfill-pollution-wants-federal-investigation
"2,751 Shares in Palomar Holdings, Inc. (NASDAQ:PLMR) Acquired by Summit Global Investments",2024-11-11T09:34:53Z,ETF Daily News,"Summit Global Investments acquired a new position in shares of Palomar Holdings, Inc. (NASDAQ:PLMR – Free Report) during the third quarter, according to the company in its most recent 13F filing with the Securities and Exchange Commission. The firm acquired 2…",https://www.etfdailynews.com/2024/11/11/2751-shares-in-palomar-holdings-inc-nasdaqplmr-acquired-by-summit-global-investments/
You can upgrade storage in the new M4 Mac mini - but you'll need to be brave,2024-11-11T09:34:37Z,ZDNet,"Apple has left the door open to upgrading the storage in the new M4 Mac mini, but this is an advanced operation.",https://www.zdnet.com/article/you-can-upgrade-storage-in-the-new-m4-mac-mini-but-youll-need-to-be-brave/
Paine 'Annoyed' With Australia's Criticism Over ODI Series Loss To Pakistan,2024-11-11T09:34:08Z,NDTV News,Former Australian Test captain Tim Paine has expressed frustration with the heavy criticism aimed at Australia's ODI team following their recent 1-2 series defeat to Pakistan,https://sports.ndtv.com/cricket/tim-paine-annoyed-with-australia-s-criticism-over-odi-series-loss-to-pakistan-6991857
Not much COP,2024-11-11T09:30:57Z,Theecologist.org,"Not much COP

 
 Channel

 News

 
brendan
11th November 2024


 
 Teaser Media",https://theecologist.org/2024/nov/11/not-much-cop
[Removed],2024-11-11T09:14:25Z,[Removed],[Removed],https://removed.com
Hurricanes and natural disasters are devastating workers across America—Here’s how to managers can show up for employee,2024-11-11T09:10:37Z,Biztoc.com,"With climate change on the rise, employers need to figure out how to support employees after a natural disaster. Read More",https://biztoc.com/x/7122350d82c7a86c
COP29 begins today. On the table this year: global uncertainty and a looming Trump presidency,2024-11-11T09:00:00Z,CBC News,"Uncertainty and corruption are already looming over this year’s climate negotiations, as delegates descend on oil-rich Baku to start COP29 talks Monday.",https://www.cbc.ca/news/world/cop29-primer-1.7379309
Birthing centre 'so thrilled' to be back open after devastating flood,2024-11-11T09:00:00Z,CBC News,"More than 14 months after flooding caused by heavy rainfall forced the Ottawa Birth and Wellness Centre to shut down its birthing unit, it's once again welcoming expecting families.",https://www.cbc.ca/news/canada/ottawa/birthing-centre-so-thrilled-to-be-back-open-after-devastating-flood-1.7379816
Hurricanes and natural disasters are devastating workers across America—Here’s how to managers can show up for employee,2024-11-11T09:00:00Z,Fortune,"After natural disasters like fires and severe weather, companies need to have both short-term and long-term plans in place.",https://fortune.com/2024/11/11/hurricanes-natural-disasters-devastating-workers-across-america-heres-how-managers-help-employee/
COP29: Climate funding in the spotlight,2024-11-11T08:48:00Z,DW (English),"This year more than ever, the UN climate conference is about how much support developing countries can expect to receive to combat the increasingly dramatic consequences of climate change. The UN climate conference is all about money. Who will pay developing …",https://www.dw.com/en/cop29-climate-funding-in-the-spotlight/a-70724069
Kwabena Sarkodie Wins Adansi South Best Farmer Award,2024-11-11T08:45:45Z,Thechronicle.com.gh,"Sixty-two-year-old Mr Isaac Kwabena Sarkodie from Atobiase, emerged the Adansi South District Best Farmer at the 40th National Farmers Day held at Atobiase. For his prize Mr. Sarkodie was presented with a Motorised Tricycle (Aboboyaa) and many Agricultural eq…",https://thechronicle.com.gh/kwabena-sarkodie-wins-adansi-south-best-farmer-award/
"Un mapa de riesgo en Santa Cruz de Tenerife revela que el 16,5% de la ciudad está amenazada ante una inundación",2024-11-11T08:36:33Z,Eldiario.es,"El estudio detalla que más de 1.400 hectáreas de terreno sufrirían daños en caso de producirse un aluvión repentino. Los autores piden aumentar la prevención para no repetir episodios como el de Valencia
El 4% de las viviendas canarias está en zona de riesgo…",https://www.eldiario.es/canariasahora/ciencia_y_medio_ambiente/mapa-riesgo-santa-cruz-tenerife-revela-16-5-ciudad-amenazada-inundacion_1_11796883.html
Video The evolution of Leonardo DiCaprio,2024-11-11T08:34:32Z,ABC News,"From ""Titanic"" to ""Killers of the Flower Moon,"" when it comes to Leonardo DiCaprio's career, our hearts will go on and on.",https://abcnews.go.com/GMA/Culture/video/evolution-leonardo-dicaprio-107000880
"Consolidated Communications Holdings, Inc. (NASDAQ:CNSL) Shares Sold by New York State Teachers Retirement System",2024-11-11T08:33:05Z,ETF Daily News,"New York State Teachers Retirement System lowered its stake in Consolidated Communications Holdings, Inc. (NASDAQ:CNSL – Free Report) by 4.2% during the third quarter, HoldingsChannel reports. The firm owned 125,542 shares of the utilities provider’s stock af…",https://www.etfdailynews.com/2024/11/11/consolidated-communications-holdings-inc-nasdaqcnsl-shares-sold-by-new-york-state-teachers-retirement-system/
"US Bancorp DE Buys 5,185 Shares of MYR Group Inc. (NASDAQ:MYRG)",2024-11-11T08:26:49Z,ETF Daily News,"US Bancorp DE boosted its stake in shares of MYR Group Inc. (NASDAQ:MYRG – Free Report) by 2,187.8% during the 3rd quarter, HoldingsChannel.com reports. The institutional investor owned 5,422 shares of the utilities provider’s stock after buying an additional…",https://www.etfdailynews.com/2024/11/11/us-bancorp-de-buys-5185-shares-of-myr-group-inc-nasdaqmyrg/
Reviewing GAINSCO (OTCMKTS:GANS) & HCI Group (NYSE:HCI),2024-11-11T08:22:52Z,ETF Daily News,"HCI Group (NYSE:HCI – Get Free Report) and GAINSCO (OTCMKTS:GANS – Get Free Report) are both finance companies, but which is the better investment? We will compare the two companies based on the strength of their institutional ownership, valuation, dividends,…",https://www.etfdailynews.com/2024/11/11/reviewing-gainsco-otcmktsgans-hci-group-nysehci/
3 secrets to branding (psst … it’s not really about you),2024-11-11T08:22:27Z,Inman,"What’s in a brand? In real estate, a brand is essentially how someone feels about you or your product based on their feelings, associations and experiences.",https://www.inman.com/2024/11/11/3-secrets-to-branding-psst-its-not-really-about-you/
Voici pourquoi le bouton de démarrage du Mac Mini M4 est situé sous l’ordinateur,2024-11-11T08:20:00Z,Tomshardware.fr,"Le Mac mini M4 de 2024 a un bouton de démarrage positionné sous la machine. Apple explique la vraie raison de ce positionnement pas très pratique, mais elle semble finalement évidente.
L’article Voici pourquoi le bouton de démarrage du Mac Mini M4 est situé s…",https://www.tomshardware.fr/voici-pourquoi-le-bouton-de-demarrage-du-mac-mini-m4-est-situe-sous-lordinateur/
Shimmick (SHIM) & Its Peers Head-To-Head Review,2024-11-11T08:19:01Z,ETF Daily News,"Shimmick (NASDAQ:SHIM – Get Free Report) is one of 19 public companies in the “Heavy construction, except building construction – contractors” industry, but how does it weigh in compared to its competitors? We will compare Shimmick to similar businesses based…",https://www.etfdailynews.com/2024/11/11/shimmick-shim-its-peers-head-to-head-review/
Head-To-Head Survey: CISO Global (NASDAQ:CISO) and Mastech Digital (NYSE:MHH),2024-11-11T08:18:54Z,ETF Daily News,"CISO Global (NASDAQ:CISO – Get Free Report) and Mastech Digital (NYSE:MHH – Get Free Report) are both small-cap computer and technology companies, but which is the better stock? We will compare the two companies based on the strength of their profitability, v…",https://www.etfdailynews.com/2024/11/11/head-to-head-survey-ciso-global-nasdaqciso-and-mastech-digital-nysemhh/
"Developing world needs private finance for green transition, says Cop president",2024-11-11T08:16:31Z,Biztoc.com,"UN’s top climate official warns ‘no country is immune’ from climate disaster as conference begins in Azerbaijan
Businesses in the private sector must stump up cash for the developing world to invest in a low-carbon economy or face the consequences of climate …",https://biztoc.com/x/53b90a9c1f24ae87
Southern California Wildfire Forces Thousands to Flee Amid High Winds,2024-11-11T08:16:27Z,Biztoc.com,"Firefighters in Ventura County, California, are continuing to battle a rapidly growing wildfire that has forced thousands to evacuate and destroyed at least 168 structures so far.
The Mountain Fire, as this round of wildfires has been called by authorities, f…",https://biztoc.com/x/f8d9445b49b9c611
"«Ростелеком» отразил более 1,3 тыс. кибератак в III квартале 2024 года",2024-11-11T08:12:00Z,Cnews.ru,"В III квартале 2024 г. специалисты «Ростелекома» отразили и расследовали 11 целевых атак на инфраструктуру, более...",https://safe.cnews.ru/news/line/2024-11-11_rostelekom_otrazil_bolee
Donald Trump won. Now what for science-based federal health policy?,2024-11-11T08:07:00Z,Sciencebasedmedicine.org,"Last week, Donald Trump defeated Kamala Harris and will return to the White House in January. What does this mean for science-based federal health policy? Hint: Nothing good. Just like the rest of the government, the worst people are likely to be in charge of…",https://sciencebasedmedicine.org/donald-trump-won-now-what-for-science-based-federal-health-policy/
"COP29: Now the rich are suffering, is it finally time to help the poor?",2024-11-11T08:04:46Z,Christiantoday.com,Climate change is a matter of life or death for millions of the world's poorest people. But could recent extreme weather in the world's wealthiest nations accelerate climate action?,https://www.christiantoday.com/article/cop29.now.the.rich.are.suffering.is.it.finally.time.to.help.the.poor/142344.htm
Experts Share What Another Trump Presidency Could Mean For Your Health,2024-11-11T08:01:00Z,HuffPost,"Here's what doctors, public health experts and scientists are worried about.",https://www.huffpost.com/entry/trump-presidency-health-abortion_l_672ce298e4b03941587e0140
NetApp expands flash and hybrid arrays for edge and AI apps,2024-11-11T08:00:00Z,Techtarget.com,NetApp aims new storage arrays at the mid-market and drops Astra data management into Trident.,https://www.techtarget.com/searchstorage/news/366615454/NetApp-expands-flash-and-hybrid-arrays-for-edge-and-AI-apps
Recent Storms Stir Climate Anxiety Among College Students,2024-11-11T08:00:00Z,Inside Higher Ed,"Recent Storms Stir Climate Anxiety Among College Students

 


 
kathryn.palmer…

Mon, 11/11/2024 - 03:00 AM

Despite President-elect Donald Trump’s belief that climate change is a hoax, most young people are worried about the future of the environment. In li…",https://www.insidehighered.com/news/students/physical-mental-health/2024/11/11/how-recent-storms-stir-college-students-climate
Airbnb Q3 2024 financial results,2024-11-11T07:59:31Z,Hospitality Net,"We issued our third quarter 2024 financial results. You can read the details here. Airbnb Co-Founder and CEO Brian Chesky said: We had another strong quarter at Airbnb, with bookings growth accelerating throughout Q3 and into Q4. I’m especially prou...",https://www.hospitalitynet.org/news/4124565.html
TWFG (TWFG) to Release Earnings on Tuesday,2024-11-11T07:56:55Z,ETF Daily News,"TWFG (NASDAQ:TWFG – Get Free Report) is scheduled to post its quarterly earnings results after the market closes on Tuesday, November 12th. Analysts expect TWFG to post earnings of $0.17 per share for the quarter. Investors that are interested in participatin…",https://www.etfdailynews.com/2024/11/11/twfg-twfg-to-release-earnings-on-tuesday/
A surge in Pro-Russia cyberattacks after decision to monitor North Korean Troops in Ukraine,2024-11-11T07:50:52Z,Securityaffairs.com,South Korea claims Pro-Russia actors intensified cyberattacks on national sites after it decided to monitor North Korean troops in Ukraine. South Korea’s government blames pro-Russia threat actors for an intensification of cyberattacks on national sites after…,https://securityaffairs.com/170779/hacking/south-korea-claims-pro-russia-actors-ddos-attacks.html
STR Weekly Insights: 26 October - 2 November 2024,2024-11-11T07:48:00Z,Hospitality Net,U.S. hotels produced healthy growth in revenue per available room (RevPAR) for a fourth week in a row. The metric was up 3.1% (all comparisons are year-over-year unless otherwise noted) on equal gains in occupancy and average daily rate (ADR). Performance was…,https://www.hospitalitynet.org/news/4124563.html
Indonesia’s TNI prepares response teams for volcanic eruptions,2024-11-11T07:46:33Z,Antaranews.com,"The Indonesian Armed Forces (TNI) have prepared disaster quick response forces (PRCPB) to anticipate six volcanoes on standby or danger status.

This was ...",https://en.antaranews.com/news/333673/indonesias-tni-prepares-response-teams-for-volcanic-eruptions
27% of U.S. Gulf Oil Capacity Offline After Rafael,2024-11-11T07:38:52Z,OilPrice.com,"Over a quarter of U.S. oil production capacity in the Gulf of Mexico remained offline after hurricane Rafael weakened to a tropical storm that the U.S. National Hurricane Center expects to move on south and southwest this week. As of Sunday, over 480,000 bpd …",https://oilprice.com/Latest-Energy-News/World-News/27-of-US-Gulf-Oil-Capacity-Offline-After-Rafael.html
Fresh typhoon hits northern Philippines as crop damage rises,2024-11-11T07:34:00Z,Bangkok Post,"<p>A tropical storm that strengthened over the weekend made landfall as a typhoon in the northern Philippines, as the country grapples with millions of dollars in crop damage from a series of relentless cyclones this year.&nbsp;</p>",https://www.bangkokpost.com/world/2900156/fresh-typhoon-hits-northern-philippines-as-crop-damage-rises
Indonesia’s new leader calls for collaboration with China before heading to the U.S.,2024-11-11T07:33:46Z,NBC News,Indonesia’s new leader called for collaboration rather than confrontation with China after the signing of $10 billion in new deals between the two countries.,https://www.nbcnews.com/news/world/indonesias-new-leader-calls-collaboration-china-heading-us-rcna179541
"Parks Employee, 18, Killed Fighting New York Wildfire",2024-11-11T07:30:00Z,Newser,"The 18-year-old New York parks employee killed while fighting a wildfire in the state Saturday was being mourned by his family as well as state officials. Dariel Vasquez, an aide with the New York State Parks, Recreation and Historic Preservation Department, …",https://www.newser.com/story/359270/parks-employee-18-killed-fighting-new-york-wildfire.html
Dark Tourism And Self-Publishing Premium Print Books With Images With Leon Mcanally,2024-11-11T07:30:00Z,Thecreativepenn.com,"What is dark tourism and why are many of us interested in places associated with death and tragedy? How can you write and self-publish a premium print guidebook while managing complicated design elements, image permissions, and more? With Leon Mcanally. In th…",https://www.thecreativepenn.com/2024/11/11/dark-tourism-and-self-publishing-premium-print-books-with-images-with-leon-mcanally/
Wildfires in Northeast United States worsen air quality in New York suburb,2024-11-11T07:24:33Z,People.cn,"An aerial drone photo taken on Nov. 9, 2024 shows wildfire around Jennings Creek, stretching across",http://en.people.cn/n3/2024/1111/c90000-20239800.html
"Apple объяснила, почему кнопка включения в Mac mini с M4 находится снизу",2024-11-11T06:58:58Z,Iphones.ru,"На китайском канале Film and TV Hurricane на Bilibili (аналог YouTube) вышел обзор Mac mini с M4, в съемках которого приняли участие старший вице-президент по международному маркетингу Apple Грег Джосвиак и старший вице-президент Apple по разработке аппаратно…",https://www.iphones.ru/iNotes/apple-obyasnila-pochemu-knopka-vklyucheniya-v-mac-mini-s-m4-nahoditsya-snizu
"Removing Hydropower Dams Can Restore Ecosystems, Build Climate Resilience, and Restore Tribal Lands",2024-11-11T06:58:22Z,CounterPunch,"A free-flowing river supports abundant fish and wildlife, provides drinking water, and other intangible recreational benefits. But humans have sought to block rivers with dams for millennia. While dams have provided benefits like hydroelectricity and water st…",https://www.counterpunch.org/2024/11/11/removing-hydropower-dams-can-restore-ecosystems-build-climate-resilience-and-restore-tribal-lands/
A New Wave of Movements Against Trumpism is Coming,2024-11-11T06:57:31Z,CounterPunch,"For many of us, the immediate aftermath of Donald Trump’s decisive electoral victory has been a time of deep despair and mourning. There has been plenty of commentary trying to make sense of Trump’s win and the factors that led to it. But no analysis changes …",https://www.counterpunch.org/2024/11/11/a-new-wave-of-movements-against-trumpism-is-coming/
"Trump: It’s the Economy, Stupid",2024-11-11T06:55:49Z,CounterPunch,"Bill Clinton’s strategist, Jim Carville, coined the quip “It’s the economy, stupid!” to explain his successful strategy for winning the 1992 U.S. presidential election against incumbent George H. W.  Although Carville advised Vice President Kamala Harris’s pr…",https://www.counterpunch.org/2024/11/11/trump-its-the-economy-stupid/
Thousands flee as fourth typhoon in a month hits Philippines,2024-11-11T06:50:31Z,Digital Journal,"Thousands of people sought shelter and ports shut down in the Philippines on Monday, officials said, as  the disaster-weary nation was struck by another typhoon — the fourth in less than a month. Typhoon Toraji hit near Dilasag town, about 220 kilometres (140…",https://www.digitaljournal.com/world/thousands-flee-as-fourth-typhoon-in-a-month-hits-philippines/article
Thousands Flee As Fourth Typhoon In A Month Hits Philippines,2024-11-11T06:48:18Z,International Business Times,"Thousands of people sought shelter and ports shut down in the Philippines on Monday, officials said, as  the disaster-weary nation was struck by another typhoon -- the fourth in less than a month.",https://www.ibtimes.com/thousands-flee-fourth-typhoon-month-hits-philippines-3750449
"NetApp boosts AFF, StorageGrid and E-series hardware with 60TB drives",2024-11-11T06:45:00Z,ComputerWeekly.com,"Bigger drives, new CPUs and controller hardware add to upgrades to NetApp arrays that started in September, while the supplier undergoes transition to data management as a key focus",https://www.computerweekly.com/news/366615477/NetApp-boosts-AFF-StorageGrid-and-E-series-hardware-with-60TB-drives
Thousands flee as fourth typhoon in a month hits Philippines,2024-11-11T06:40:46Z,Yahoo Entertainment,"Thousands of people sought shelter and ports shut down in the Philippines on Monday, officials said, as  the disaster-weary nation was struck by another...",https://www.yahoo.com/news/thousands-flee-fourth-typhoon-month-064046228.html
Shimmick (SHIM) versus The Competition Head-To-Head Review,2024-11-11T06:32:52Z,ETF Daily News,"Shimmick (NASDAQ:SHIM – Get Free Report) is one of 19 public companies in the “Heavy construction, except building construction – contractors” industry, but how does it compare to its rivals? We will compare Shimmick to related businesses based on the strengt…",https://www.etfdailynews.com/2024/11/11/shimmick-shim-versus-the-competition-head-to-head-review/
[Removed],2024-11-11T06:29:04Z,[Removed],[Removed],https://removed.com
Aid for Lewotobi refugees to suffice until next week: Social Minister,2024-11-11T06:26:52Z,Antaranews.com,"Social Minister Saifullah Yusuf ensured that aid for refugees of the eruption of Mount Lewotobi Laki-Laki in East Flores, East Nusa Tenggara (NTT), will be ...",https://en.antaranews.com/news/333657/aid-for-lewotobi-refugees-to-suffice-until-next-week-social-minister
UN climate talks to focus on money to help poor nations cut carbon pollution,2024-11-11T06:17:29Z,BusinessLine,"About 77% of the heat-trapping gas in the atmosphere now comes from the G20 rich nations, many of whom are now cutting back on their pollution, something that is not happening in most poor nations or China",https://www.thehindubusinessline.com/economy/un-climate-talks-to-focus-on-money-to-help-poor-nations-cut-carbon-pollution/article68854647.ece
"Poland gears up for EU leader role after Trump win, instability in Europe",2024-11-11T06:08:16Z,EURACTIV,"In today’s edition of the Capitals, find out more about Poland gearing up for a bigger leadership role in Europe, Slovak's Fico casting doubt over Trump's pledge to end the war in Ukraine in ""24 hours"", and so much more.",https://www.euractiv.com/section/politics/news/poland-gears-up-for-eu-leader-role-after-trump-win-instability-in-europe-2/
Valencia president refuses to resign despite pressure over flooding,2024-11-11T06:06:10Z,Biztoc.com,"The regional President of Valencia, Carlos Mazón, refused to resign on Sunday, a day after thousands protested, accusing the centre-right politician of mishandling the disaster.
More than 130,000 people gathered at a demonstration in Valencia on Saturday to d…",https://biztoc.com/x/9d33b81c89436ee7
COP29: Who will pay climate funding for developing countries?,2024-11-11T06:00:00Z,DW (English),"This year more than ever, the UN climate conference is about how much support developing countries can expect to receive to combat the increasingly dramatic consequences of climate change. The UN climate conference is all about money. Who will pay developing …",https://www.dw.com/en/cop29-who-will-pay-climate-funding-for-developing-countries/a-70724069
Valencia president refuses to resign despite pressure over flooding,2024-11-11T05:55:49Z,EURACTIV,"Thousands of citizens marched in Valencia, Alicante and Madrid.",https://www.euractiv.com/section/politics/news/valencia-president-refuses-to-resign-despite-pressure-over-flooding/
The Titan Sub Disaster The New Evidence 2024 1080p WEB H264-CBFM,2024-11-11T05:53:47Z,Rlsbb.ru,The race against time to try to save five people on a doomed dive to the Titanic.Links: HOMEPAGE – TVMThe.Titan.Sub.Disaster.The.New.Evidence.2024.720p.WEB.H264-JFFMKV | AAC | 1.45GBNFO - Subtitles – Screenshot – Torrent – FiKPER – NiTROFLARE – RAPiDGATORThe.…,https://post.rlsbb.ru/the-titan-sub-disaster-the-new-evidence-2024-1080p-web-h264-cbfm/
The Titan Sub Disaster The New Evidence 2024 1080p WEB H264-CBFM,2024-11-11T05:53:47Z,Rlsbb.cc,The race against time to try to save five people on a doomed dive to the Titanic. Links: HOMEPAGE – TVMThe.Titan.Sub.Disaster.The.New.Evidence.2024.1080p.WEB.H264-CBFMMKV | AAC | 2.85GBNFO - Subtitles – Screenshot – Torrent – FiKPER – NiTROFLARE – RAPiDGATOR,https://post.rlsbb.cc/the-titan-sub-disaster-the-new-evidence-2024-1080p-web-h264-cbfm/
eBencana JKR app now updates road conditions affected by natural disasters,2024-11-11T05:51:00Z,The Star Online,KUALA LUMPUR: The public can easily check which roads are affected by natural disasters via the eBencana JKR's mobile app. Read full story,https://www.thestar.com.my/news/nation/2024/11/11/ebencana-jkr-app-now-updates-road-conditions-affected-by-natural-disasters
Swept into the flood,2024-11-11T05:47:02Z,Beehiiv.com,"What history tells us about what comes next, and what to do about it.",https://degenerateart.beehiiv.com/p/swept-into-the-flood
Upon Further Review: The left side of the Broncos’ FG protection unit had been a blinking red light. Kansas City took full advantage,2024-11-11T17:56:14Z,The Denver Post,"KANSAS CITY, Mo. -- Courtland Sutton and the Broncos were still celebrating his 32-yard touchdown catch in the second quarter Sunday when the tremor preceding the earthquake rippled.",https://www.denverpost.com/2024/11/11/broncos-blocked-field-goal-chiefs-coaching/
The 24-Hour Gopher Experiment That Brought Life Back to Mount St. Helens,2024-11-11T17:55:55Z,Gizmodo.com,Scientists released gophers onto a plot of land two years after the eruption obliterated the landscape—and the results were magical.,https://gizmodo.com/the-24-hour-gopher-experiment-that-brought-life-back-to-mount-st-helens-2000523114
Flood fears as Ukraine says Russian strike damages dam,2024-11-11T17:48:18Z,Digital Journal,"Russian strikes on Monday damaged a dam near the front line in Ukraine’s eastern Donetsk region, Ukrainian authorities said, warning nearby villages could be threatened by rising water levels. Ukraine also said Russian attacks killed two people in the centre …",https://www.digitaljournal.com/world/flood-fears-as-ukraine-says-russian-strike-damages-dam/article
Spanish PM unveils new flood relief package for Valencia Region,2024-11-11T17:42:00Z,The Star Online,"MADRID, Nov. 11 (Xinhua) -- Spanish Prime Minister Pedro Sanchez announced on Monday a second aid package for those affected by the devastating flash floods that struck the Valencia region on Oct. 29. Read full story",https://www.thestar.com.my/news/world/2024/11/12/spanish-pm-unveils-new-flood-relief-package-for-valencia-region
2500W PowerSmart Portable Inverter Gas Generator $299 + Free Shipping,2024-11-11T17:40:56Z,Slickdeals.net,"*Walmart [walmart.com]* has *2500W PowerSmart Portable Inverter Gas Generator* for *$299*. *Shipping is free*. 
 
 
 
 
 
See my other deals",https://slickdeals.net/f/17879592-2500w-powersmart-portable-inverter-gas-generator-299-free-shipping?utm_source=rss&utm_content=ht&utm_medium=RSS2
Walmart+ Members: 2500W PowerSmart Portable Inverter Gas Generator $299 + Free Shipping,2024-11-11T17:40:56Z,Slickdeals.net,"Walmart [walmart.com] has for Walmart+ Members (free trial available [walmart.com]): 2500W PowerSmart Portable Inverter Gas Generator for $299. Shipping is free.

Note: Walmart+ members will have earl",https://slickdeals.net/f/17879592-walmart-members-2500w-powersmart-portable-inverter-gas-generator-299-free-shipping?utm_source=rss&utm_content=ht&utm_medium=RSS2
‘Grand Theft Auto’ Publisher Says AI Won’t Help It Make Games Faster,2024-11-11T17:40:48Z,Gizmodo.com,"'I would love to say that it’s going to make things cheaper, quicker, better, or easier to make hits. I don’t think that’s the case.'",https://gizmodo.com/grand-theft-auto-publisher-says-ai-wont-help-it-make-games-faster-2000523084
Lawmakers prepare for final lame-duck sprint before making way for next Congress,2024-11-11T17:34:30Z,ABC News,Congress has a short but important to-do list as lawmakers return to Washington this coming week for what is known as a lame-duck session,https://abcnews.go.com/Politics/wireStory/lawmakers-prepare-final-lame-duck-sprint-making-congress-115738465
Lawmakers prepare for final lame-duck sprint before making way for next Congress,2024-11-11T17:34:28Z,ABC News,Congress has a short but important to-do list as lawmakers return to Washington this coming week for what is known as a lame-duck session,https://abcnews.go.com/US/wireStory/lawmakers-prepare-final-lame-duck-sprint-making-congress-115738456
Wildfires burn across drought-hit U.S. Northeast - Axios,2024-11-11T17:33:20Z,Slashdot.org,"Wildfires burn across drought-hit U.S. NortheastAxios NYC air quality improves even as NJ wildfires continue burningNew York Daily News NJ wildfire update: Jennings Creek grows to 3,000 acres but Pompton Lakes blaze containedNorthJersey.com As Wildfire Burns …",https://slashdot.org/firehose.pl?op=view&amp;id=175451043
Storm in a laser beam: Physicists create 'light hurricanes' that could transport huge amounts of data,2024-11-11T17:33:07Z,Science Daily,"The discovery, centred around controlling tiny hurricanes of light and electromagnetic fields, could revolutionise how much information we can deliver over cables.",https://www.sciencedaily.com/releases/2024/11/241111123307.htm
We built a tiny electronic nose that can beat a mouse at its own game,2024-11-11T17:31:56Z,Raw Story,"Imagine a robot that can detect scents in the air and track down their sources as efficiently as a dog or a mouse. If realised, it could detect small wildfires in dense forests, find people buried in debris after an earthquake, or even hunt for truffles!Our r…",https://www.rawstory.com/we-built-a-tiny-electronic-nose-that-can-beat-a-mouse-at-its-own-game/
Speculation over Kate Middleton's health grows as cancer conspiracy theories flood social media,2024-11-11T17:30:27Z,Marca,"Kate Middleton, the Princess of Wales, is once again at the center of online speculation regarding her health. 

Her September cancer diagnosis, which she openly shared, has sparke",https://www.marca.com/en/lifestyle/uk-news/2024/11/11/67323f0a46163fc1638b45b0.html
[Removed],2024-11-11T17:26:45Z,[Removed],[Removed],https://removed.com
"Democrat Governors, City Leaders Pledge To Shield Illegal Immigrants From Trump’s Agenda",2024-11-11T17:26:42Z,The Daily Caller,Democratic governors and other liberal elected officials have lined up to declare that they will fight back against Donald Trump's hardline immigration agenda.,https://dailycaller.com/2024/11/11/dem-governors-fight-trump-on-immigration/
[Removed],2024-11-11T17:26:37Z,[Removed],[Removed],https://removed.com
What a Trump presidency means for global health,2024-11-11T17:24:59Z,The Conversation Africa,Initiatives Trump sees as pandering to woke interests will be put to the sword.,https://theconversation.com/what-a-trump-presidency-means-for-global-health-243110
Election Fraud Claims Go Silent After Trump Win,2024-11-11T17:21:16Z,International Business Times,"Right up to Election Day, Donald Trump and his backers were issuing unfounded warnings of voter fraud.",https://www.ibtimes.com/election-fraud-claims-go-silent-after-trump-win-3750523
Achieve data resilience using Amazon OpenSearch Service disaster recovery with snapshot and restore,2024-11-11T17:21:09Z,Amazon.com,"This post focuses on introducing an active-passive approach using a snapshot and restore strategy. The snapshot and restore strategy in OpenSearch Service involves creating point-in-time backups, known as snapshots, of your OpenSearch domain. These snapshots …",https://aws.amazon.com/blogs/big-data/achieve-data-resilience-using-amazon-opensearch-service-disaster-recovery-with-snapshot-and-restore/
"Flooding wreaks havoc on state parks, federal campgrounds along Missouri waterways",2024-11-11T17:20:00Z,STLtoday.com,The Missouri Department of Natural Resources said six of the agency’s 93 state parks received damage from Nov. 3 rainfall totals of up to 12 inches.,https://www.stltoday.com/news/local/government-politics/flooding-wreaks-havoc-on-state-parks-federal-campgrounds-along-missouri-waterways/article_99b0a510-a04b-11ef-a663-7798988edca3.html
"BNPB asks people, local govts to remain alert for disasters",2024-11-11T17:18:01Z,Antaranews.com,The National Disaster Mitigation Agency (BNPB) has asked the community and local governments to remain alert for potential disasters caused by extreme ...,https://en.antaranews.com/news/333833/bnpb-asks-people-local-govts-to-remain-alert-for-disasters
"WATCH: Biden, Harris lay wreath at Tomb of the Unknown Soldier on Veterans Day",2024-11-11T17:15:35Z,ABC News,This is the first time Biden and Harris appeared together since Election Day.,https://abcnews.go.com/Politics/video/biden-harris-lay-wreath-tomb-unknown-soldier-veterans-115735496
Climate Action Must Rise Above Politics,2024-11-11T17:12:02Z,Project Syndicate,"This year’s many elections, not least the heated US presidential race, have drawn attention away from the United Nations Climate Change Conference (COP29) in Baku. But global leaders must continue to focus on combating the climate crisis and accelerating the …",https://www.project-syndicate.org/commentary/cop29-climate-action-must-rise-above-politics-mobilize-more-green-finance-by-nadia-calvino-2024-11
Mt. Lewotobi eruption: BNPB collects data for relocation,2024-11-11T17:05:15Z,Antaranews.com,The National Disaster Mitigation Agency (BNPB) has started collecting data on buildings to relocate people residing around the dangerous zones of Mount ...,https://en.antaranews.com/news/333825/mt-lewotobi-eruption-bnpb-collects-data-for-relocation
"Slog AM: Stabbings in the International District, Seattle Tech Wages Grow, Mattel's Wicked Porn Mishap",2024-11-11T17:04:00Z,TheStranger.com,"The Stranger's only news round-up.
 
 by Nathalie Graham
 
 
 
 International District stabbings: On Friday, someone stabbed five people in what appears to be a random, unprovoked attack in Seattle's Chinatown International District. The same person is believ…",https://www.thestranger.com/slog-am/2024/11/11/79777929/slog-am-stabbings-in-the-international-district-seattle-tech-wages-grow-mattels-wicked-porn-mishap
UFC 309 fight card -- Jon Jones vs. Stipe Miocic: Four biggest storylines to watch in New York City,2024-11-11T17:03:17Z,CBS Sports,One of the sport's biggest stars returns with in title defense bout Saturday at Madison Square Garden,https://www.cbssports.com/mma/news/ufc-309-fight-card-jon-jones-vs-stipe-miocic-four-biggest-storylines-to-watch-in-new-york-city/
Oscar the Grouch Sings ‘All You Need Is Love’,2024-11-11T17:00:29Z,Tumblr.com,Oscar the Grouch Sings ‘All You Need Is Love’,https://www.tumblr.com/laughingsquid/766870216449867776/oscar-the-grouch-sings-all-you-need-is-love
"Josh Hawley backs Texan for Senate boss, joins critics of anti-Trump FEMA actions",2024-11-11T17:00:00Z,STLtoday.com,"Hawley throws support to U.S. Sen. John Cornyn for Senate Majority Leader, who is facing two others to replace Mitch McConnell as chamber’s GOP boss.",https://www.stltoday.com/news/local/column/joe-holleman/josh-hawley-backs-texan-for-senate-boss-joins-critics-of-anti-trump-fema-actions/article_6cf9bd06-a03a-11ef-8d96-933fe53ac0a4.html
"Gladiator II Has Critics Drawing Comparisons To Its Predecessor, But Are They Not Entertained?",2024-11-11T16:56:22Z,CinemaBlend,Can the sequel live up to the 2000 blockbuster?,https://www.cinemablend.com/movies/gladiator-ii-critics-drawing-comparisons-are-they-not-entertained
"Wildfires spread in New York, New Jersey, prompting health advisories",2024-11-11T16:55:58Z,Al Jazeera English,The blaze kills one parks employee and prompts air quality alerts. Meanwhile California wildfire semi-contained.,https://www.aljazeera.com/news/2024/11/11/wildfire-torches-thousands-of-hectares-in-new-york-new-jersey-and-california
Seniors Are Getting Crushed by Washington’s Recklessness,2024-11-11T16:54:33Z,Daily Signal,"Inflation has pulverized Americans’ finances over the last four years, and a new study shows that’s especially true for the nation’s seniors, whose retirement accounts have been... Read More
The post Seniors Are Getting Crushed by Washington’s Recklessness ap…",https://www.dailysignal.com/2024/11/11/seniors-are-getting-crushed-by-washingtons-recklessness/
"Jets Fans Finding Solace In The Misery Of Owner Woody Johnson, Begging Steve Cohen To Come Save Them",2024-11-11T16:53:19Z,BroBible,"The New York Jets’ abject disaster of a 2024 season continued on Sunday with an embarrassing 31-6 loss to the Arizona Cardinals, dropping the team’s record to 3-7 and all but mathematically eliminating them from playoff contention. While this was *finally* su…",https://brobible.com/sports/article/jets-fans-turning-on-owner-woody-johnson/
Newly Discovered Burial Chamber of Egyptian Priestess Sheds Light on Overlooked Era,2024-11-11T16:50:38Z,Gizmodo.com,"The 3,900-year-old tomb of priestess Idy is revealing new insights into women’s roles in Egypt’s Middle Kingdom.",https://gizmodo.com/newly-discovered-burial-chamber-of-egyptian-priestess-sheds-light-on-overlooked-era-2000522960
Canada warns to avoid travel to popular spots in Cuba,2024-11-11T16:47:32Z,blogTO,"Catching a flight to Cuba? The aftermath of several natural disasters might affect your itinerary.
The Canadian government issued a travel advisory recently, warning Canadians to ""exercise a high degree of caution"" in Cuba due to shortages of basic necessiti…",https://www.blogto.com/travel/2024/11/canada-warns-avoid-travel-popular-spots-cuba/
Israel Alienating Allies and Acquiring Adversaries,2024-11-11T16:47:30Z,Inter Press Service,"As a result of its policies and actions in response to the 7 October attack, the Israeli government has not only alienated its allies and acquired adversaries but also found itself isolated diplomatically. The consequences of those developments and realignmen…",https://www.ipsnews.net/2024/11/israel-alienating-allies-acquiring-adversaries/
"Despite Dem Voter-Suppression Efforts, Helene-Stricken Western N.C. Cast Even More Trump Votes In 2024",2024-11-11T16:45:19Z,The Federalist,"Amid Helene's havoc, western North Carolinians showed up to help carry the state for Donald Trump, outperforming their 2020 vote totals.",https://thefederalist.com/2024/11/11/despite-dem-voter-suppression-efforts-helene-stricken-western-n-c-cast-even-more-trump-votes-in-2024/
Free Country Fall Sale: Up to 42% off + extra 35% off + free shipping w/ $69,2024-11-11T16:44:56Z,Dealnews.com,"Use coupon code ""HONOR35"" to get the extra discount here. It drops the pictured Free Country Men's Flat Lands Hurricane Softshell Jacket to $58.24 (low by $58). Shipping adds $8.99, but orders of $69 or more get free shipping. Shop Now at Free Country",https://www.dealnews.com/Free-Country-Fall-Sale-Up-to-42-off-extra-35-off-free-shipping-w-69/21694812.html
Canadian Immigration Lawyers Set Up Special Website to Handle Flood of Requests from American 'Refugees' Looking to Leave US After Trump Win,2024-11-11T16:43:08Z,International Business Times,"Since Donald Trump's re-election, Canadian immigration lawyers have seen a surge in inquiries that inspired a website dedicated to American ""Trumpugees.""",https://www.ibtimes.com/canadian-immigration-lawyers-set-special-website-handle-flood-requests-american-refugees-3750515
The Scoop: Why Wicked’s merch blitz is good PR,2024-11-11T16:43:04Z,PR Daily,"Plus: FEMA must rebuild trust after anti-Trump orders confirmed; the role ChatGPT played in the election. If you’ve stepped into a Target or a Starbucks lately, the wave of bubblegum pink and emerald green is impossible to miss. Taking a page out of the “Barb…",https://www.prdaily.com/the-scoop-why-wickeds-merch-blitz-is-good-pr/
COP29 Kicks Off Under Trump’s Shadow,2024-11-11T16:37:51Z,Foreign Policy,The former U.S. leader’s reelection has cast a pall over tense climate talks in Baku.,https://foreignpolicy.com/2024/11/11/cop29-climate-talks-finance-trump-azerbaijan/
Democratic Party consultant who voted for Trump says liberal friends turned their back on her,2024-11-11T16:33:39Z,Fox News,"Longtime Democratic Party consultant Evan Barker, who voted for President-elect Donald Trump, says her liberal friends don’t want anything to do with her anymore.",https://www.foxnews.com/media/democratic-party-consultant-who-voted-trump-says-liberal-friends-turned-back-her
"Irish people see climate change as a significant risk, even if they are slow to pay",2024-11-11T16:33:12Z,Independent.ie,"There is broad agreement in Ireland that climate change is a significant issue and more than two-thirds of people here see a need to adapt their own lifestyles, according to the annual Climate Survey commissioned by the European Investment Bank (EIB).",https://www.independent.ie/business/irish-people-see-climate-change-as-a-significant-risk-even-if-they-are-slow-to-pay/a1078334806.html
November: the longer view,2024-11-11T16:31:06Z,Mondediplo.com,"Open access //  (Le Monde diplomatique - English edition, November 2024)",https://mondediplo.com/2024/11/01zlonger-view
"Flood Hub, la plataforma de Google para predecir inundaciones ¿Cuáles son las zonas más vulnerables en Colombia?",2024-11-11T16:30:23Z,Enter.co,"Flood Hub, desarrollado por Google, es una plataforma que aprovecha la inteligencia artificial para anticipar inundaciones en varios...",https://www.enter.co/chips-bits/apps-software/flood-hub-la-plataforma-de-google-para-predecir-inundaciones-cuales-son-las-zonas-mas-vulnerables-en-colombia/
Flood Fears As Ukraine Says Russian Strike Damages Dam,2024-11-11T16:27:20Z,International Business Times,"Russian strikes on Monday damaged a dam near the front line in Ukraine's eastern Donetsk region, Ukrainian authorities said, warning nearby villages could be threatened by rising water levels.",https://www.ibtimes.com/flood-fears-ukraine-says-russian-strike-damages-dam-3750511
Govt warns against 'public disorder' as protests erupt...,2024-11-11T16:25:36Z,Yahoo Entertainment,"Govt warns against 'public disorder' as protests erupt...

 
 
 
 (Third column, 6th story, link)

 

 

 
 Related stories:Strong quakes shake Cuba on heels of hurricane, blackouts...",https://www.yahoo.com/news/cuba-warns-against-public-disorder-155227592.html
Five Survival Horror Movies to Stream This Week,2024-11-11T16:24:06Z,Bloody Disgusting,"One of the more vaguely defined subcategories of the genre is survival horror, a term that originated from video games. After all, survival is the central goal of any character unlucky enough to find themselves in a horror movie. Survival horror has more to d…",https://bloody-disgusting.com/movie/3838937/survival-horror-movies-on-streaming/
Climate Action 15: 2024's top global innovators powering green solutions,2024-11-11T16:18:38Z,Business Insider,"Climate Action 15 profiles top founders, global activists, academics, and nonprofit and public-sector leaders tackling climate solutions.",https://www.businessinsider.com/climate-action-15-global-leaders-innovating-climate-solutions-2024-11
8 leadership mistakes that will burn out your team,2024-11-11T16:18:31Z,Optimizely.com,"As a marketing leader, your team's wellbeing is essential. But have you ever thought your actions might contribute to their burnout?",https://www.optimizely.com/insights/blog/leadership-mistakes-employee-burnout/
Today’s news in a nutshell,2024-11-11T16:15:48Z,Khabarhub.com,"KATHMANDU: Khabarhub brings you a glimpse of major developments of the day in Nepal, including politics, business/economy, sports, entertainment, and more. NEA staff clash with govt over special treatment for industries Employees of the Nepal Electricity Auth…",https://english.khabarhub.com/2024/11/412006/
Cuba shaken by 6.8-magnitude earthquake after enduring hurricanes and blackouts - PBS NewsHour,2024-11-11T16:13:49Z,Slashdot.org,"Cuba shaken by 6.8-magnitude earthquake after enduring hurricanes and blackoutsPBS NewsHour Cuba rocked by magnitude 6.8 earthquake; Floridians report feeling shakesWESH 2 Orlando Strong earthquakes shake southeast Cuba on the heels of hurricane, islandwide b…",https://slashdot.org/firehose.pl?op=view&amp;id=175450591
Borei-Class: Russia's New Sub Might Be the Most Dangerous on Earth,2024-11-11T16:11:40Z,The National Interest ,"What You Need to Know: Russia's Borei-class submarines represent a formidable advancement in nuclear-powered submarine technology. Equipped with the Irtysh-Amphora-B-055 sonar system, these subs surpass the sonar capabilities of the U.S. Navy’s Ohio- and Virg…",https://nationalinterest.org/blog/buzz/borei-class-russias-new-sub-might-be-most-dangerous-earth-213424
Three Medals For Staksrud And Waters At Pickleball World Championships,2024-11-11T16:08:19Z,Forbes,"The 2024 Lapiplasty Pickleball World Championships featured the continued rise of Federico Stasrud, an upset of the #1 Women's doubles team, and the return of Riley Newman to the podium.",https://www.forbes.com/sites/toddboss/2024/11/11/three-medals-for-staksrud-and-waters-at-pickleball-world-championships/
2025 WNBA Draft Lottery: Which team needs No. 1 overall pick most in Paige Bueckers sweepstakes?,2024-11-11T16:07:38Z,CBS Sports,"This year's lottery features the Sparks, Wings, Sky and Mystics, though the Sky cannot get the No. 1 pick",https://www.cbssports.com/wnba/news/2025-wnba-draft-lottery-which-team-needs-no-1-overall-pick-most-in-paige-bueckers-sweepstakes/
[Removed],2024-11-11T16:07:03Z,[Removed],[Removed],https://removed.com
"AIIB should strive for innovative financing tools, greater private capital mobilisation: FM Nirmala Sitharaman",2024-11-11T16:05:57Z,The Times of India,Finance Minister Nirmala Sitharaman met with the Asian Infrastructure Investment Bank (AIIB) delegation.  She urged the AIIB to explore innovative financial models.  She highlighted India's willingness to serve as a testing ground for these models.  Sitharama…,https://economictimes.indiatimes.com/news/economy/policy/aiib-should-strive-for-innovative-financing-tools-greater-private-capital-mobilisation-fm-nirmala-sitharaman/articleshow/115188154.cms
"Es 2024 y, aunque parezca mentira, podrás comprar en Europa las pick-up americanas más bestiales, capaces y deseadas",2024-11-11T16:00:04Z,Diariomotor.com,"Estamos en el año 2024, y se ciernen nubarrones negros sobre el panorama automovilístico. Tormenta arancelaria en China, electrificación forzada, reducción de emisiones, ADAS cada vez más intrusivos y controladores. Y ante este panorama, RAM decide tirar la c…",https://www.diariomotor.com/noticia/ram-1500-2024-europa/
How we’re helping partners with improved and expanded AI-based flood forecasting,2024-11-11T16:00:00Z,Blog.google,We’re expanding flood forecasting to over 100 countries and making our breakthrough AI model available to researchers and partners.,https://blog.google/technology/ai/expanding-flood-forecasting-coverage-helping-partners/
"En cas de risques d'inondations, Google vous préviendra directement sur votre smartphone",2024-11-11T16:00:00Z,RTBF,"À Valence, 130.000 personnes se sont rassemblées dans les rues ce samedi pour dénoncer la gestion des inondations...",https://www.rtbf.be/article/en-cas-d-inondations-google-vous-previendra-directement-sur-votre-smartphone-11461686
Business Design School: Storytelling,2024-11-11T16:00:00Z,Printmag.com,"Sam Aquillano on stories that inspire and how to craft them.
The post Business Design School: Storytelling appeared first on PRINT Magazine.",https://www.printmag.com/creative-voices/business-design-school-storytelling/
Stay updated on road conditions with JKR app,2024-11-11T16:00:00Z,The Star Online,"KUALA LUMPUR: Users can get updates on the status of roads during the northeast monsoon season from the Public Works Department’s (JKR) app called eBencana, says Works Minister Datuk Seri Alexander Nanta Linggi. Read full story",https://www.thestar.com.my/news/nation/2024/11/12/stay-updated-on-road-conditions-with-jkr-app
"Taking A 7,000 Mile Road Trip Part 3: Ending On A High Note",2024-11-11T16:00:00Z,Forbes,"Both literally and figuratively, ending a nearly month-long LA-to-Key West adventure on a high note.",https://www.forbes.com/sites/geoffreymorrison/2024/11/11/taking-a-7000-mile-road-trip-part-3-ending-on-a-high-note/
How to Prepare a Country for ‘Zero Day’ of Invasion,2024-11-11T15:58:04Z,Foreign Policy,Lessons in resilience are being shared from Ukraine to Taiwan.,https://foreignpolicy.com/2024/11/11/ukraine-taiwan-lessons-resilience-invasion-china-russia/
Republicans make major gains in control of state governments,2024-11-11T15:55:03Z,Raw Story,"OVERLAND PARK, Kan. — Before the election results began rolling in, Kansas Gov. Laura Kelly took the stage, confident that Democrats could break the long-held Republican supermajority that has thwarted many of her legislative priorities.

“If we do that, you …",https://www.rawstory.com/republicans-make-major-gains-in-control-of-state-governments/
"AIIB should expand investments in climate, infrastructure: FM",2024-11-11T15:54:34Z,BusinessLine,"Finance Minister Nirmala Sitharaman urges AIIB to invest in priority sectors, support reforms, and enhance private capital mobilization.",https://www.thehindubusinessline.com/economy/aiib-should-expand-investments-in-climate-infrastructure-fm/article68856611.ece
"Tabitha Gatwiri's Boyfriend Pens Touching Tribute, Reminisces Their Lovely Moments",2024-11-11T15:50:43Z,Breaking NEWS in KENYA for Today Right Now & Kenyan News | TUKO,"Tabitha Gatwiri, who was found dead in her house, will be laid to rest at her father's home in Meru county. Gatwiri's little-known boyfriend has mourned her.",https://www.tuko.co.ke/entertainment/celebrities/568696-tabitha-gatwiris-boyfriend-pens-touching-tribute-reminisces-lovely-moments/
COP29 opens with calls for a path away from the climate 'road to ruin.' But the real focus is money,2024-11-11T15:46:11Z,PBS,COP29 got right to the major focus of striking a new deal on how many hundreds of billions -- or even trillions -- of dollars a year will flow from rich nations to poor to try to curb and adapt to climate change.,https://www.pbs.org/newshour/world/cop29-opens-with-calls-for-a-path-away-from-the-climate-road-to-ruin-but-the-real-focus-is-money
Biden Made Slow But Steady Progress on Climate. Trump Is Poised to Dismantle It.,2024-11-11T15:45:44Z,Truthout,"Trump is threatening to unleash pollution, increase emissions and incapacitate the most robust EPA in a generation.",https://truthout.org/articles/biden-made-slow-but-steady-progress-on-climate-trump-is-poised-to-dismantle-it/
Trump Floats Paying Harris Campaign Debts: ‘Whatever We Can Do to Help’ in Spirit of ‘Desperately Needed UNITY!’,2024-11-11T15:44:43Z,Freerepublic.com,President-elect Donald Trump said Saturday that the Republican Party should pay Vice President Kamala Harris’s reported campaign debts in a show of “UNITY” in a Saturday morning social media post. Harris raised more than $1 billion during her 107 days as a pr…,https://freerepublic.com/focus/f-chat/4277618/posts
NetApp Collaborates with Red Hat to Deliver Increased Flexibility for Virtualized Environments,2024-11-11T15:38:00Z,Vmblog.com,NetApp announced an expanded collaboration with Red Hat to offer new solutions to streamline and accelerate enterprise application development and management in virtual environments.,https://vmblog.com:443/archive/2024/11/11/netapp-collaborates-with-red-hat-to-deliver-increased-flexibility-for-virtualized-environments.aspx
Sooners among USA TODAY Sports losers of week 11 after letdown vs. Missouri,2024-11-11T15:36:49Z,USA Today,"It wasn't simply that the Oklahoma Sooners lost to Missouri on Saturday night. It was the way they lost. They watched a lead at halftime disappear. Then, the Sooners tied it up late and took the lead on a fumble returned for a touchdown. It was a miraculous t…",https://soonerswire.usatoday.com/2024/11/11/oklahoma-sooners-football-week-11-missouri-brent-venables/
New study pinpoints source of largest recorded Mediterranean earthquake in AD 365,2024-11-11T15:30:07Z,Freerepublic.com,"On the morning of 21 July, AD 365, the Eastern Mediterranean was shaken by an earthquake that is generally believed to be the strongest recorded earthquake in the Mediterranean. It probably originated around Crete, Greece, and was followed by a tsunami that h…",https://freerepublic.com/focus/f-chat/4277612/posts
"Broadcom Expands VMware Cloud Foundation Capabilities for AI, Cybersecurity, and Sovereign Cloud",2024-11-11T15:29:30Z,Storagereview.com,"VMware Explore 2024 Barcelona introduced new features for VCF, Tanzu, Live Recovery, Avi Load Balancer, and more.

<!--more-->At VMware Explore 2024 Barcelona, Broadcom revealed new innovations in VMware Cloud Foundation (VCF) that support accelerated AI, enh…",https://www.storagereview.com/news/broadcom-expands-vmware-cloud-foundation-capabilities-for-ai-cybersecurity-and-sovereign-cloud
La Riviere 2023 DOC FRENCH 1080p WEB x264-FW,2024-11-11T15:24:37Z,Rlsbb.cc,"Awards 1 nomination See more awards » Plot: Powerful rivers flow between the Pyrenees and the Atlantic, known as gaves. Human activity is altering the water cycle and its biodiversity. Men and women look curiously and lovingly at this fascinating world of bea…",https://post.rlsbb.cc/la-riviere-2023-doc-french-1080p-web-x264-fw/
A Grid Of Large Windows Maximizes The Water Views At This Modern Home,2024-11-11T15:21:27Z,Contemporist.com,"Architecture firm Worrell Yeung, has shared photos of a modern home they recently completed that's a study on a 2x2x7 grid structure in three dimensions.",https://www.contemporist.com/a-grid-of-large-windows-maximizes-the-water-views-at-this-modern-home/
LGBTQ+ youth crisis hotline calls jumped 700% after presidential election,2024-11-11T15:16:13Z,Freerepublic.com,"A local LGBTQ+ youth suicide prevention organization saw a significant uptick in crisis calls after the winner of the presidential election was projected late Tuesday night. Compared to weeks prior, West Hollywood-based nonprofit The Trevor Project reported s…",https://freerepublic.com/focus/f-news/4277604/posts
Concerns Mount as FEMA Selects Oscoda Airport for Massive Emergency Hub: 350 Semi-Trailers with Equipment Set to Serve Six Michigan Counties in Preparation for ‘Emergency Situations’,2024-11-11T15:15:29Z,Thegatewaypundit.com,"Oscoda Township, a small Michigan community, has been selected by the Federal Emergency Management Agency (FEMA) as a key emergency staging area for northern Michigan, with plans to house 350 semi-trailers of emergency equipment at the local airport.
The post…",https://www.thegatewaypundit.com/2024/11/concerns-mount-as-fema-selects-oscoda-airport-massive/
"Mark Cuban, Mavericks minority owner and Harris surrogate, takes heat for deleting supportive posts of VP",2024-11-11T15:04:31Z,Fox News,Dallas Mavericks minority owner Mark Cuban took heat over the last week after he appeared to delete supportive X posts of Vice President Kamala Harris.,https://www.foxnews.com/sports/mark-cuban-mavericks-minority-owner-harris-surrogate-takes-heat-deleting-supportive-posts-vp
Stuck In First Class: American Airlines ‘Reclining Disaster’ Maintenance Fail Puts Passenger in Unescapable Tight Spot,2024-11-11T15:04:24Z,Viewfromthewing.com,"A first class passenger flying American Airlines from Dallas to Grand Rapids, Michigan on Sunday had a surprise - the person sitting in front of them in seat 2C had an extra special premium seat. The seat reclined more than most first class. And American didn…",https://viewfromthewing.com/stuck-in-first-class-american-airlines-reclining-disaster-maintenance-fail-puts-passenger-in-unescapable-tight-spot/
'The Penguin' Finale Explained: How the Series Sets Up 'The Batman 2',2024-11-11T15:02:05Z,Newsweek,"A look at how the massive ending for ""The Pengun sets the stage for Matt Reeves' ""The Batman 2.""",https://www.newsweek.com/sports/penguin-finale-explained-how-series-sets-batman-2-1983861
Great God Grove review: Sucking up (and blasting out) speech bubbles is a wildly creative twist for this story-first adventure,2024-11-11T15:00:10Z,GamesRadar+,Great God Grove review: Sucking up (and blasting out) speech bubbles is a wildly creative twist for this story-first adventure,https://www.gamesradar.com/games/adventure/great-god-grove-review/
Michael Tomasky: The Real Reason Trump Won,2024-11-11T15:00:00Z,Dianeravitch.net,"Michael Tomasky of The New Republic offers his view about why Trump won. I think it was because Putin intervened with hacking. Most think it was high prices, the cost of eggs and gasoline. Some say it was because Kamala had no agenda (I disagree). Some say it…",https://dianeravitch.net/2024/11/11/michael-tomasky-the-real-reason-trump-won/
A Return to Leftist Self-Defense,2024-11-11T15:00:00Z,YES! Magazine,Communities targeted by escalating right-wing violence are learning from their own histories how to keep each other safe.,https://www.yesmagazine.org/social-justice/2024/11/11/election-left-defense
What’s Inside YOUR Wardrobe? We Take a “Viewer Tour”,2024-11-11T15:00:00Z,Gentlemansgazette.com,"Take an exclusive look inside the wardrobe of Bob, a loyal Gentleman’s Gazette follower from London. Who knows? Your collection could be featured next in line! Video Transcript [Lightly Edited for Clarity]: Raphael: Welcome back…",https://www.gentlemansgazette.com/london-closet-tour-bob/
"The US Is a Civic Desert. To Survive, the Democratic Party Needs to Transform Itself.",2024-11-11T15:00:00Z,Thenation.com,"Pete Davis



The Democratic Party should jettison its consultant class and move toward a local-membership model that would help to rejuvenate civic life across the country.




The post The US Is a Civic Desert. To Survive, the Democratic Party Needs to Tr…",https://www.thenation.com/article/politics/democratic-party-civic-life-local-membership/
Government Delivered Inflation—but No Real Aid—in North Carolina,2024-11-11T15:00:00Z,Daily Signal,"North Carolina can’t catch a break under the Biden-Harris administration. The federal government’s appalling response to Hurricane Helene almost surely cost lives, adding insult to the... Read More
The post Government Delivered Inflation—but No Real Aid—in No…",https://www.dailysignal.com/2024/11/11/government-delivered-inflation-aid-north-carolina/
WATCH: Honoring military on Veterans Day,2024-11-11T14:52:10Z,ABC News,ABC News’ Bob Woodruff and philanthropist Craig Newmark share a preview of the Woodruff Foundation’s annual “Stand Up for Heroes” event.,https://abcnews.go.com/GMA/News/video/honoring-military-veterans-day-115725612
WATCH: Disney cruise ship saves 4 on sinking vessel,2024-11-11T14:51:16Z,ABC News,The Disney “Treasure” launched one of its lifeboats to help rescue four passengers after the U.S. Coast Guard received a call for help on Sunday morning that a 50-foot catamaran was sinking.,https://abcnews.go.com/GMA/News/video/disney-cruise-ship-saves-4-sinking-vessel-115725615
One Anglophile’s Take On Benjamin Britten’s War Requiem,2024-11-11T14:50:10Z,Anglotopia.net,"Over a decade ago, I wrote an article about some of Benjamin Britten’s best works. And near the end, I promised to write a larger article about War Requiem. This did not come to pass, mostly because I figured out that I was well out of my depth trying to writ…",https://anglotopia.net/british-music-british-entertainment/one-anglophiles-take-on-benjamin-brittens-war-requiem/
Crews continue to battle wildfires on both coasts,2024-11-11T14:48:21Z,Biztoc.com,New York authorities say they are investigating the death of an 18-year-old state parks employee who was fighting the Jennings Creek Wildfire along the New Jersey and New York border when a tree fell on him Saturday.,https://biztoc.com/x/0b14f5b205680794
A new fileless variant of Remcos RAT observed in the wild,2024-11-11T14:46:21Z,Securityaffairs.com,Fortinet researchers discovered a new phishing campaign spreading a variant of the commercial malware Remcos RAT. Fortinet’s FortiGuard Labs recently uncovered a phishing campaign spreading a new variant of the Remcos RAT. Remcos is a commercial remote admini…,https://securityaffairs.com/170791/security/a-new-fileless-variant-of-remcos-rat-phishing.html
Fire crews on both coasts battle wildfires; NFL highlights | Hot off the Wire podcast,2024-11-11T14:45:00Z,Roanoke Times," Get a recap of recent financial, health and general interest stories through this special edition of our Hot off the Wire daily news podcast.",https://roanoke.com/news/nation-world/fire-crews-on-both-coasts-battle-wildfires-nfl-highlights-hot-off-the-wire-podcast/article_81fc544b-d73d-53bd-817f-f5927012f79b.html
Trump's first move could doom his presidency: WaPo analyst,2024-11-11T14:43:45Z,Raw Story,"Donald Trump has a new dilemma to face as he prepares to start a second term, former conservative turned anti-Trump columnist Jennifer Rubin wrote for The Washington Post — abandon his promises, or let them destroy his fledgling administration.""He could, for …",https://www.rawstory.com/trump-promises-immigration/
Trump's first move could doom his presidency: WaPo analyst,2024-11-11T14:43:45Z,Newsbreak.com,"Donald Trump has a new dilemma to face as he prepares to start a second term, former conservative turned anti-Trump columnist Jennifer Rubin wrote for The Washington Post — abandon his promises, or let them destroy his fledgling administration. ""He could, for…",https://www.newsbreak.com/share/3670013448981-trump-s-first-move-could-doom-his-presidency-wapo-analyst?s=a2&amp;share_destination_id=MTY0OTI1NzAxLTE3MzE0MTc2ODIzNzc%3D&amp;pd=0BA0hx4t&amp;hl=en_US&amp;send_time=1731417682&amp;actBtn=topBar&amp;_f=app_share&amp;trans_data=%7B%22platform%22%3A1%2C%22cv%22%3A%2224.45.0%22%2C%22languages%22%3A%22en%22%7D&amp;sep=ns_foryou_blend_exp_24q4-v6%2Cns_local_strategy_24q4_exp-holdback%2Cns_pushv1-v1%2Cns_foryou_recall_exp_24q4-v7%2Cns_foryou_model_exp_24q4-control%2Cns_foryou_rank_exp_24q4-v1
Woman Riding Train at Night Suddenly Makes Horror Realization: 'Rescue',2024-11-11T14:41:02Z,Newsweek,"Her brother explained she got on the train, put on headphones and looked at her phone, not realizing they were headed straight for the depot.",https://www.newsweek.com/woman-riding-train-night-horror-realization-rescue-1982740
"Removing Hydropower Dams Can Restore Ecosystems, Build Climate Resilience, and Restore Tribal Lands",2024-11-11T14:38:46Z,Resilience,"As global awareness of environmental sustainability grows, the momentum for dam removal is likely to increase. By fostering international collaboration and innovation, we can restore the world’s rivers to their natural, free-flowing states, providing invaluab…",https://www.resilience.org/stories/2024-11-11/removing-hydropower-dams-can-restore-ecosystems-build-climate-resilience-and-restore-tribal-lands/
Crews continue to battle wildfires on both coasts,2024-11-11T14:36:25Z,PBS,New York authorities say they are investigating the death of an 18-year-old state parks employee who was fighting the Jennings Creek Wildfire along the New Jersey and New York border when a tree fell on him Saturday.,https://www.pbs.org/newshour/nation/crews-continue-to-battle-wildfires-on-both-coasts
HBO’s Dune: Prophecy Season 1 Falls Short of True Revelation [Review],2024-11-11T14:35:42Z,The Escapist,"HBO's series based on Frank Herbert's sci-fi epic, Dune: Prophecy, fails to hit the highs of the big screen adaptation.",https://www.escapistmagazine.com/dune-prophecy-season-1-hbo-prequel-spinoff-review/
Identifier les morts grâce à une banque de données pour mieux faire parler... les dents!,2024-11-11T14:35:40Z,Sudinfo.be,"Le CD&V dépose une proposition de loi visant à améliorer l’identification des victimes décédées, sur base de leurs dents et même de leurs implants médicaux.",https://www.sudinfo.be/id912630/article/2024-11-11/identifier-les-morts-grace-une-banque-de-donnees-pour-mieux-faire-parler-les
YF-23A: The Fighter That Could Have Outclassed the F-22 Raptor?,2024-11-11T14:33:32Z,The National Interest ,"What You Need to Know: The Northrop/McDonnell Douglas YF-23A ""Black Widow II,"" designed for the 1980s ATF program, competed with and ultimately lost to the F-22A Raptor, largely due to the latter's superior maneuverability, which fit Cold War-era dogfighting …",https://nationalinterest.org/blog/buzz/yf-23a-fighter-could-have-outclassed-f-22-raptor-210516
Le Filippine attendono l'arrivo del tifone Toraji,2024-11-12T12:25:32Z,ANSA.it,"epa11715862 A villager with her children looks on in the flood-hit municipality of San Pablo, Isabela province, Philippines, 12 November 2024. (ANSA)",https://www.ansa.it/sito/photogallery/primopiano/2024/11/12/le-filippine-attendono-larrivo-del-tifone-toraji_76c8538a-ed30-4c0d-b3f1-dfa5920b843c.html
5 Defining Moments: Paul Craig,2024-11-12T12:24:00Z,Sherdog.com,The Scottish Hit Squad product will set out in search of his first win in well over a year when he faces undefeated blue-chip American Top Team prospect Bo Nickal in a UFC 309 middleweight showcase.,https://www.sherdog.com/news/articles/5-Defining-Moments-Paul-Craig-195457
10 new winners join Star Golden Hearts Award’s honoured roll call,2024-11-12T12:19:00Z,The Star Online,"PETALING JAYA: With over 500 nominations and after rigorous selections, a total of 10 organisations and individuals have been named as winners of the Star Golden Hearts Award (SGHA) 2024. Read full story",https://www.thestar.com.my/news/nation/2024/11/12/10-new-winners-join-star-golden-hearts-awards-honoured-roll-call
"Home Depot’s sales are improving, but it says consumers are still cautious about spending",2024-11-12T12:17:40Z,CNBC,Home Depot is mired in a sales slump as homeowners put off major projects.,https://www.cnbc.com/2024/11/12/home-depot-hd-earnings-q3-2024.html
Speech: PM remarks at COP29: 12 November 2024,2024-11-12T12:17:36Z,Www.gov.uk,"Prime Minister Keir Starmer's remarks at COP29 in Baku, Azerbaijan.",https://www.gov.uk/government/speeches/pm-remarks-at-cop29-12-november-2024
Trump's Cabinet picks and flights hit by gunfire in Haiti: Morning Rundown,2024-11-12T12:15:17Z,NBC News,"Marco Rubio, Elise Stefanik, Lee Zeldin, Stephen Miller, Mike Waltz, Ruben Gallego, Kari Lake, Arizona senate results, Spirit Airlines, JetBlue, American Airlines",https://www.nbcnews.com/news/trumps-first-cabinet-picks-flights-gunfire-haiti-morning-rundown-rcna179721
"""That's the worst the car's ever been,"" reckoned Hamilton after Sao Paulo",2024-11-12T12:14:00Z,F1technical.net,"On the back of a challenging Sao Paulo Grand Prix, Ferrari-bound seven-time world champion Lewis Hamilton reckoned that Mercedes' 2024 F1 car, the W15 has felt the worst in the last race considering the entire season.",https://www.f1technical.net/news/25806
Donald Trump wins US election 2024 but Democrats still have final say in Congress. Here is how,2024-11-12T12:13:26Z,The Times of India,Donald Trump has won the US Presidential election 2024 but Congress returns to Washington this week as Republicans are eyeing to control the White House.,https://economictimes.indiatimes.com/news/international/us/donald-trump-wins-us-election-2024-but-democrats-still-have-final-say-in-congress-here-is-how/articleshow/115218603.cms
Apple indeed added a feature called “inactivity reboot” in iOS 18.1 that reboots locked devices,2024-11-12T12:06:14Z,Securityaffairs.com,"Apple iOS supports a new feature that reboots locked devices after extended inactivity, aiming to enhance data security for users. Apple ‘quietly’ implemented a new security feature that automatically reboots a locked device if it has not been used for severa…",https://securityaffairs.com/170824/security/apple-feature-inactivity-reboot-ios-18-1.html
Managed Data Center Services Global Strategic Business Report 2023-2030: Rising Focus on Business Continuity and Disaster Recovery Spurs Demand for Managed Backup Services,2024-11-12T12:06:00Z,GlobeNewswire,"The global market for Managed Data Center Services was estimated at US$446.3 Billion in 2023 and is projected to reach US$1.0 Trillion by 2030, growing at a CAGR of 12.9% from 2023 to 2030. This comprehensive report provides an in-depth analysis of market tre…",https://www.globenewswire.com/news-release/2024/11/12/2978936/28124/en/Managed-Data-Center-Services-Global-Strategic-Business-Report-2023-2030-Rising-Focus-on-Business-Continuity-and-Disaster-Recovery-Spurs-Demand-for-Managed-Backup-Services.html
A columnist learned of holes in Massachusetts’ right-to-shelter law. So she showed the human consequences.,2024-11-12T12:00:09Z,Poynter,"In 2023, Massachusetts experienced a significant arrival of Haitian migrants seeking work and a place to settle with their families. Columnist Yvonne Abraham noticed that they had faced a hostile […]
The post A columnist learned of holes in Massachusetts’ rig…",https://www.poynter.org/reporting-editing/2024/massachusetts-migrants-hotels-right-to-shelter-law-failing/
Alberta hiring to restore land where fireguards were created in 2023 wildfire season,2024-11-12T12:00:00Z,CBC News,The provincial government is seeking contractors to restore hundreds of kilometres of land where fireguards were created during the 2023 wildfire season.,https://www.cbc.ca/news/canada/edmonton/alberta-forestry-parks-wildfire-2023-fireguards-1.7379558
Gladiator II: What the critics say about Paul Mescal’s performance,2024-11-12T12:00:00Z,The Irish Times,"The word on the Irish actor’s performance was consistently positive, not so much for the film itself",https://www.irishtimes.com/culture/film/2024/11/12/gladiator-ii-what-the-critics-say-about-paul-mescals-performance/
"Did the ‘Hawk Tuah’ Girl get 75,000 votes in the election?",2024-11-12T12:00:00Z,The Daily Dot,"Did Hailey Welch, known online as the “Hawk Tuah
” girl, receive 75,000 votes in last week’s presidential election?
No. But then why do so many people think so?
The claim first appeared on November 6, the day after Republican nominee Donald Trump became pres…",https://www.dailydot.com/debug/hawk-tuah-girl-votes-2024-election/
The Philippines brace for more storms amid devastating typhoon season,2024-11-12T12:00:00Z,UN News,"After enduring 12 typhoons this year, including two back-to-back storms in less than a month, communities across the Philippines are bracing for more extreme weather.  Read Full Story on UN News
The post The Philippines brace for more storms amid devastating …",https://news.un.org/en/story/2024/11/1156866
Week 11 NFL Picks 2024: Early Odds to Exploit after Final Week 10 Results,2024-11-12T12:00:00Z,Bleacher Report,"Week 10 delivered one of the wildest slate of games we've seen in the 2024 NFL season. Nail-biting finishes were on the menu early and often, starting with…",https://bleacherreport.com/articles/10142984-week-11-nfl-picks-2024-early-odds-to-exploit-after-final-week-10-results
Erdoğan slams Israel over environmental disaster in Gaza,2024-11-12T11:58:12Z,Hurriyet Daily News,"President Recep Tayyip Erdoğan has slammed Israel for creating an environmental disaster in Gaza since October 2023, that has claimed the lives of more than 40,000 through its military aggression.",https://www.hurriyetdailynews.com/erdogan-slams-israel-over-environmental-disaster-in-gaza-202537
Fujitsu does not trust Post Office in use of Horizon data in future third-party prosecutions,2024-11-12T11:53:17Z,Theregister.com,"Europe boss also speaks of 'nervousness' in any extension to the use of the controversial, ageing system Fujitsu's Europe boss has told a public inquiry into the Post Office scandal — one of the widest miscarriages of justice in UK history — that the company …",https://www.theregister.com/2024/11/12/fujitsu_does_not_trust_post/
Colt adds connections to Nyse and Nasdaq,2024-11-12T11:50:00Z,Finextra,"Global digital infrastructure company Colt Technology Services, announced today the expansion of its capital markets data solutions into two of the world’s largest stock exchanges, the New York Stock Exchange (NYSE) and National Association of Securities Deal…",https://www.finextra.com/pressarticle/103121/colt-adds-connections-to-nyse-and-nasdaq
Mt. Lewotobi: Minister assures disaster response budget ready,2024-11-12T11:44:57Z,Antaranews.com,Finance Minister Sri Mulyani Indrawati assured that the budget for disaster response measures following the eruption of Mount Lewotobi Laki-laki in East ...,https://en.antaranews.com/news/333945/mt-lewotobi-minister-assures-disaster-response-budget-ready
Russian Strikes Hit Ukraine's Defense Infrastructure as Military Assets Destroyed,2024-11-12T11:40:38Z,Sputnikglobe.com,"The Russian Army has struck military airfields and energy facilities supporting Ukraine's defense industry, the Ministry of Defense reported.",https://sputnikglobe.com/20241112/russian-strikes-hit-ukraines-defense-infrastructure-as-military-assets-destroyed-1120864079.html
Ministries work in synergy to aid Mt Lewotobi victims: Karnavian,2024-11-12T11:38:20Z,Antaranews.com,The Ministry of Home Affairs is working hand in hand with other ministries and state institutions to aid the people affected by the eruptions of Mount ...,https://en.antaranews.com/news/333941/ministries-work-in-synergy-to-aid-mt-lewotobi-victims-karnavian
Dozens killed after man 'unhappy with divorce settlement' drives car into people at sports centre,2024-11-12T11:32:00Z,Sky.com,"Thirty-five people have been killed and another 43 injured after a motorist deliberately drove a car into people exercising at a sports centre in the Chinese city of Zhuhai, police said.",https://news.sky.com/story/zhuhai-dozens-killed-after-man-drives-car-into-people-exercising-at-sports-centre-13253079
NASA and ISRO Join Forces for NISAR Satellite Launch in 2025 to Track Earth’s Changing Surface,2024-11-12T11:30:01Z,Gadgets360.com,"The NISAR satellite, a joint NASA-ISRO Earth observation mission launching in 2025, will provide precise data on shifts in Earth’s surface, focusing on high-risk areas. Using advanced radar technology, the satellite aims to support natural disaster response a…",https://www.gadgets360.com/science/news/nasa-and-isro-join-forces-for-nisar-satellite-launch-in-2025-6992609
How We Chose the 100 Most Influential Climate Leaders in Business for 2024,2024-11-12T11:30:00Z,Time,"The second annual TIME100 Climate 2024 list identifies 100 leaders driving measurable, successful, and equitable climate action.",https://time.com/7160877/how-we-chose-time100-climate-2024/
Ajay Banga,2024-11-12T11:27:23Z,Time,World Bank president Ajay Banga talks to TIME ahead of COP29 about the future of climate finance.,https://time.com/7172525/ajay-banga-world-bank-climate/
Nepal to present cases of climate change consequences before COP29,2024-11-12T11:15:06Z,Khabarhub.com,"BAKU (AZERBAIJAN): President Ramchandra Paudel is in Baku, Azerbaijan since Monday, leading a high-level delegation to the 29th Conference of the Parties (COP29) to the United Nations Framework Convention on Climate Change (UNFCCC). The conference began on Mo…",https://english.khabarhub.com/2024/12/412239/
VP leads meeting on handling of Lewotobi eruption impact,2024-11-12T11:14:10Z,Antaranews.com,"Vice President Gibran Rakabuming Raka presided over a coordination meeting on the response to the eruption of Mount Lewotobi Laki-laki, East Flores ...",https://en.antaranews.com/news/333929/vp-leads-meeting-on-handling-of-lewotobi-eruption-impact
Home Depot's Q3 results top Wall Street as pullback in consumer spending eases a bit,2024-11-12T11:12:56Z,Yahoo Entertainment,"Home Depot continued to deal with a pullback in spending from customers in its fiscal third quarter, but it was less severe than in the past, and its...",https://finance.yahoo.com/news/home-depots-q3-results-top-111256782.html
Home Depot raises annual same-store sales forecast,2024-11-12T11:12:12Z,Investing.com,Home Depot raises annual same-store sales forecast,https://www.investing.com/news/stock-market-news/home-depot-raises-annual-samestore-sales-forecast-3715846
Post Apo Tycoon Is an Idle Builder Where You Rebuild a Post-Apocalyptic World,2024-11-12T11:11:00Z,DroidGamers,"Both challenging and soothing.
The post Post Apo Tycoon Is an Idle Builder Where You Rebuild a Post-Apocalyptic World appeared first on Droid Gamers.",https://www.droidgamers.com/news/post-apo-tycoon/
Spain PM accused of ‘blackmail’ by tying budget to flood aid,2024-11-12T11:07:20Z,Digital Journal,"Spain’s minority left-wing government wants to galvanise its deadlocked 2025 draft budget by linking it to urgent reconstruction funds following devastating floods, sparking “blackmail” accusations from the conservative opposition. Prime Minister Pedro Sanche…",https://www.digitaljournal.com/world/spain-pm-accused-of-blackmail-by-tying-budget-to-flood-aid/article
Spain PM Accused Of 'Blackmail' By Tying Budget To Flood Aid,2024-11-12T11:06:06Z,International Business Times,"Spain's minority left-wing government wants to galvanise its deadlocked 2025 draft budget by linking it to urgent reconstruction funds following devastating floods, sparking ""blackmail"" accusations from the conservative opposition.",https://www.ibtimes.com/spain-pm-accused-blackmail-tying-budget-flood-aid-3750636
Parliament urged to reject assisted suicide bill,2024-11-12T11:01:37Z,Christiantoday.com,"Campaigners are pleading with MPs to reject proposals to legalise assisted suicide, warning that any change to the law will put vulnerable people at risk.",https://www.christiantoday.com/article/parliament.urged.to.reject.assisted.suicide.bill/142353.htm
Americans are investing in ‘hurricane-resistant’ homes | CNN,2024-11-12T11:00:49Z,CNN,"Amid strengthening storms and rocketing insurance premiums, some homeowners are taking matters into their own hands with circular homes designed to withstand a category 5 hurricane.",https://www.cnn.com/2024/11/12/style/hurricane-resistant-homes-deltec-dfi/index.html
Why Democrats Lost the Election,2024-11-12T11:00:10Z,Patheos,"The Democrats were confident that they would sweep Donald Trump away.  Instead, they suffered a devastating defeat.  Now they are trying to figure out what happened.  And they seem to be having second thoughts about woke ideology.",https://www.patheos.com/blogs/geneveith/2024/11/why-democrats-lost-the-election/
[Removed],2024-11-12T11:00:04Z,[Removed],[Removed],https://removed.com
The Real Reason Texas Isn’t Turning Blue,2024-11-12T11:00:00Z,The New Republic,"When imagining the platonic ideal of a Democrat running for national office in a red state, the party’s old guard expects certain boxes to be ticked. The first among them is always the same: They have to be “tough,” a trait often signified by military service…",https://newrepublic.com/article/188260/allred-cruz-democrats-texas-blue
“Help! My College Student Is Questioning His Faith!”,2024-11-12T11:00:00Z,Answersingenesis.org,A guide for parents navigating their college student’s questions.,https://answersingenesis.org/family/help-college-student-is-questioning-his-faith/
"AI, search and the media shape a future of invisible older people",2024-11-12T10:49:00Z,The Drum,"The Secret Little Agency’s Ludovica Damonte reflects on how the industry can do better to represent older people at their best. As marketing and advertising professionals, we’ve all been there. You’re building a presentation deck, filling it with strategies a…",https://www.thedrum.com/opinion/2024/11/12/ai-search-and-the-media-shape-future-invisible-older-people
The Future of Public Health—or Lack Thereof—Under Trump,2024-11-12T10:30:00Z,Thenation.com,"Gregg Gonsalves



Any significant influence of RFK Jr. in Trump’s orbit would represent a recklessness never before seen in America’s public health history. 




The post The Future of Public Health—or Lack Thereof—Under Trump appeared first on The Nation.",https://www.thenation.com/article/archive/future-of-public-health-under-trump/
Neuwahlen in Berlin: Warnungen vom Master of Disaster,2024-11-12T10:29:00Z,taz.de,Die Hauptstadt steht wegen der vorgezogenen Bundestagswahl vor Neuwahlen. Berlins Wahlleiter sieht Gefahren bei einem zu frühen Datum.,https://taz.de/Neuwahlen-in-Berlin/!6049026/
"Ymir ransomware, a new stealthy ransomware grow in the wild",2024-11-12T10:26:43Z,Securityaffairs.com,"New Ymir ransomware was deployed in attacks shortly after systems were breached by RustyStealer malware, Kaspersky warns. Kaspersky researchers discovered a new ransomware family, called Ymir ransomware, which attackers deployed after breaching systems via Po…",https://securityaffairs.com/170814/malware/ymir-ransomware-analysis.html
"Netanyahu was aware of illegally obtained classified document, suspected leaker's attorney says",2024-11-12T10:25:08Z,The Jerusalem Post,"It is still unclear if Eliezer Feldstein, the PM's media team advisor suspected of leaking the documents, did so at the prime minister's orders.",https://www.jpost.com/israel-news/article-828756
Matthew McConaughey says chasing wealth can leave you lost and alone — and he'd be happy with 1/50th of his fortune,2024-11-12T10:18:48Z,Business Insider,"""Interstellar"" star Matthew McConaughey said getting richer stops improving your life as much after a while, and relationships matter too.",https://www.businessinsider.com/matthew-mcconaughey-wealth-personal-finance-money-advice-trump-buffett-berkshire-2024-11
Storm-Weary Philippines Forcibly Evacuates Thousands as Another Typhoon Hits,2024-11-12T10:17:48Z,Insurance Journal,A new typhoon barreled across an agricultural region in the northeastern Philippines on Monday after thousands were evacuated to safety while still struggling to recover from the devastation caused by three successive storms in the last three weeks. Typhoon T…,https://www.insurancejournal.com/news/international/2024/11/12/800757.htm
Mt Lewotobi: Ministry centers eruption aid provision in East Flores,2024-11-12T10:13:23Z,Antaranews.com,The Ministry of Social Affairs has designated East Flores District as a center for the provision and distribution of aid dedicated to victims of the eruptions ...,https://en.antaranews.com/news/333913/mt-lewotobi-ministry-centers-eruption-aid-provision-in-east-flores
Asheville's North Fork Water Treatment Plant; What happened to the 'pristine' reservoir?,2024-11-12T10:11:54Z,Citizen Times,Asheville Citizen Times visited the North Fork Water Treatment Plant near Black Mountain. How does it look after Tropical Storm Helene?,https://www.citizen-times.com/story/news/local/2024/11/12/ashevilles-north-fork-water-treatment-facility-6-weeks-after-helene/76193690007/
"Public health is not at risk from sheep and goat pox, assures an AUTH professor – Farmers are concerned",2024-11-12T10:04:56Z,Protothema.gr,"Spyros Kritas explains that the receptors (""locks"") on human cells do not match the virus's ""keys,"" preventing infection
The post Public health is not at risk from sheep and goat pox, assures an AUTH professor – Farmers are concerned appeared first on ProtoTh…",https://en.protothema.gr/2024/11/12/public-health-is-not-at-risk-from-sheep-and-goat-pox-assures-an-auth-professor-farmers-are-concerned/
"No Trump bump: MSNBC hemorrhaging viewers since Election Day, sheds more than half of primetime audience",2024-11-12T10:00:25Z,Fox News,"MSNBC averaged 1.1 million viewers in October but plummeted to an average audience of only 736,000 following Trump’s historic landslide victory",https://www.foxnews.com/media/msnbc-hemorrhaging-viewers-since-election-day-sheds-more-than-half-of-primetime-audience
5 of the Most Common Diet & Exercise Mistakes That Prevent Fat Loss (+ What To Do Instead!),2024-11-12T10:00:09Z,Bengreenfieldlife.com,"Fat loss isn’t always as simple as cutting calories and upping your cardio. While the basic principle of weight loss
The post 5 of the Most Common Diet & Exercise Mistakes That Prevent Fat Loss (+ What To Do Instead!) appeared first on Ben Greenfield Life - H…",https://bengreenfieldlife.com/article/tried-dieting-but-not-losing-weight-these-5-hidden-factors-could-be-to-blame/
The Human-Interest Approach: Focusing on People to Convey Facts,2024-11-12T10:00:00Z,Janefriedman.com,Academics or experts writing for a broader audience than peers should consider framing complex facts through a personal lens.,https://janefriedman.com/the-human-interest-approach-focusing-on-people-to-convey-facts/
COP29 Will Be Haunted by the Ghost of the President Yet-to-Come,2024-11-12T10:00:00Z,Wattsupwiththat.com,"One can hardly blame the representatives of developing countries turning up at Baku and asking for free money for bad weather. The island states will be there in force claiming rising sea levels will sweep away their coral and sand bank homes. Again, substant…",https://wattsupwiththat.com/2024/11/12/cop29-will-be-haunted-by-the-ghost-of-the-president-yet-to-come/
Press release: Regulator to investigate Leicester-based poverty relief charity,2024-11-12T09:56:16Z,Www.gov.uk,The Charity Commission has launched a statutory inquiry into GiftingHumanity after the charity failed to act on a legal Order issued by the regulator.,https://www.gov.uk/government/news/regulator-to-investigate-leicester-based-poverty-relief-charity
"Disasters being supercharged by man-made climate change with no country spared, UN chief tells Cop29",2024-11-12T09:54:41Z,The Irish Times,"2024 was ‘masterclass in climate destruction’, António Guterres tells global leaders",https://www.irishtimes.com/world/2024/11/12/disasters-being-supercharged-by-man-made-climate-change-with-no-country-spared-un-chief-tells-cop29/
Timothée Chalamet raconte avoir été victime de « body shaming » au début de sa carrière,2024-11-12T09:49:21Z,Le HuffPost,"Bientôt à l’affiche du biopic sur Bob Dylan, l’acteur franco-américain s’est souvenu de cette expérience pour parler d’un point commun avec le célèbre chanteur.",https://www.huffingtonpost.fr/people/article/timothee-chalamet-raconte-avoir-ete-victime-de-body-shaming-au-debut-de-sa-carriere_242111.html
UPSC Quiz – 2024 : IASbaba’s Daily Current Affairs Quiz 12th November 2024,2024-11-12T09:47:02Z,Iasbaba.com,"For Previous Daily Quiz (ARCHIVES) – CLICK HERE The Current Affairs questions are based on sources like ‘The Hindu’, ‘Indian Express’ and ‘PIB’, which are very important sources for UPSC Prelims Exam. The questions are focused on both the concepts and facts. …",https://iasbaba.com/2024/11/upsc-quiz-2024-iasbabas-daily-current-affairs-quiz-12th-november-2024/
Potential Tropical Storm Sara Could Form in Caribbean in Next Seven Days,2024-11-12T09:29:22Z,Biztoc.com,"The disturbance has a 70 percent chance of forming into a tropical storm, the National Hurricane Center says.",https://biztoc.com/x/82ce823fb86fbe64
Stephen Hawking's end of world prediction is coming sooner than we think,2024-11-12T09:25:39Z,LADbible,Stephen Hawking made a bold claim about the end of the world and explained what will speed the process up,https://www.ladbible.com/news/science/stephen-hawking-end-world-prediction-date-103121-20241112
"Climate change: Retailers turning to weather strategies, Marketing & Advertising News, ET BrandEquity",2024-11-12T09:23:49Z,The Times of India,"Weather data, once used strictly for inventory planning, is now helping retailers localize advertising and decide when to discount seasonal items such as sweaters. Walmart, whose inventory planning with artificial-intelligence software incorporates weather an…",https://brandequity.economictimes.indiatimes.com/news/business-of-brands/climate-change-retailers-turning-to-weather-strategies/115208435
Explainer-COP29: What is the latest science on climate change?,2024-11-12T09:16:34Z,Investing.com,Explainer-COP29: What is the latest science on climate change?,https://www.investing.com/news/commodities-news/explainercop29-what-is-the-latest-science-on-climate-change-3715432
Data retention and destruction policy template: Free download,2024-11-12T09:13:00Z,Techtarget.com,The downloadable data retention and destruction policy template here will help with compliance. Use this structure to develop other IT data management policies.,https://www.techtarget.com/searchstorage/tip/Data-retention-and-destruction-policy-template-A-free-download
"COP29: Pay up or face climate-led disaster for humanity, warns UN chief",2024-11-12T09:11:04Z,Investing.com,"COP29: Pay up or face climate-led disaster for humanity, warns UN chief",https://www.investing.com/news/commodities-news/cop29-pay-up-or-face-climateled-disaster-for-humanity-warns-un-chief-3715532
US Sugarcane Harvesting Market Research Report 2024-2029: Growing Presence of Alternative Sweeteners will Increase Competition,2024-11-12T09:09:00Z,GlobeNewswire,"Dublin, Nov. 12, 2024 (GLOBE NEWSWIRE) -- The ""Sugarcane Harvesting in the US - Market Research Report (2014-2029)"" report has been added to ResearchAndMarkets.com's offering.This report covers the scope, size, disposition and growth of the industry including…",https://www.globenewswire.com/news-release/2024/11/12/2978755/28124/en/US-Sugarcane-Harvesting-Market-Research-Report-2024-2029-Growing-Presence-of-Alternative-Sweeteners-will-Increase-Competition.html
Hyatt Regency Lisbon: Perfect Stop in Lisbon for One Night (Or Two),2024-11-12T09:07:23Z,Boardingarea.com,"I had a one-night stopover in Lisbon, Portugal. After a friend reunion, it turned into two. Fortunately, I was able to nurse my way back to health in this great suite
The post Hyatt Regency Lisbon: Perfect Stop in Lisbon for One Night (Or Two) appeared first …",https://thepointsoflife.boardingarea.com/hyatt-regency-lisbon-hotel-review/
4 Reasons Why the Climate Coalition Will Win Despite Trump,2024-11-12T09:03:40Z,Inter Press Service,"The nation which more than any other caused the climate crisis will leave it to the rest of the world to sort out the mess. That is a takeaway from the US election last week. The numbers are clear: US emissions up to today are 8 times the Chinese, 25 times th…",https://www.ipsnews.net/2024/11/4-reasons-climate-coalition-will-win-despite-trump/
iomart Group (LON:IOM) Stock Passes Below Two Hundred Day Moving Average – Should You Sell?,2024-11-12T09:02:55Z,ETF Daily News,iomart Group plc (LON:IOM – Get Free Report)’s stock price passed below its 200-day moving average during trading on Monday . The stock has a 200-day moving average of GBX 119.65 ($1.54) and traded as low as GBX 95.84 ($1.23). iomart Group shares last traded …,https://www.etfdailynews.com/2024/11/12/iomart-group-loniom-stock-passes-below-two-hundred-day-moving-average-should-you-sell/
How Realtors can help heal the post-election divide,2024-11-12T09:00:06Z,Inman,"Bringing the focus back to the local level isn't just good for your real estate business, trainer Bernice Ross writes. It's good for healing the political divisions exacerbated by this year's election.",https://www.inman.com/2024/11/12/how-realtors-can-help-heal-the-post-election-divide/
Mt Lewotobi: VP Gibran orders customized shelters for eruption victims,2024-11-12T08:56:14Z,Antaranews.com,Vice President Gibran Rakabuming Raka has pushed ministries and agencies to set up different general and special refugee sites for victims of the eruptions of ...,https://en.antaranews.com/news/333889/mt-lewotobi-vp-gibran-orders-customized-shelters-for-eruption-victims
Four storms churning the West Pacific at the same time mean more bad news for the Philippines | CNN,2024-11-12T08:50:35Z,CNN,"Four separate storm systems are churning their way through the West Pacific simultaneously, a rare occurrence resulting from warmer oceans that threatens to bring more misery to the storm-weary Philippines.",https://www.cnn.com/2024/11/12/climate/philippines-storms-west-pacific-intl-hnk/index.html
"COP29: Pay up or face climate-led disaster for humanity, warns UN chief",2024-11-12T08:41:03Z,BusinessLine,"Nearly 200 nations have gathered at the annual U.N. climate summit in Baku, focused this year on raising hundreds of billions of dollars to fund a global transition to cleaner energy sources and limit the climate damage caused by carbon emissions",https://www.thehindubusinessline.com/news/world/cop29-pay-up-or-face-climate-led-disaster-for-humanity-warns-un-chief/article68858972.ece
[Removed],2024-11-12T08:40:19Z,[Removed],[Removed],https://removed.com
WHO members' pandemic accord talks to spill into 2025,2024-11-12T08:30:50Z,Standard Digital,Talks between WHO member states on global accord on handling future pandemics will roll into 2025 after countries decided there were too many gaps to seal a deal this year.,https://www.standardmedia.co.ke/health/health-science/article/2001506253/who-members-pandemic-accord-talks-to-spill-into-2025
"COP29: Pay up or face climate-led disaster for humanity, warns UN chief",2024-11-12T08:27:00Z,The Star Online,"BAKU (Reuters) - United Nations Secretary-General Antonio Guterres told world leaders at the COP29 summit on Tuesday to ""pay up"" to prevent climate-led humanitarian disasters, and said time was running out to limit a destructive rise in global temperatures. R…",https://www.thestar.com.my/news/world/2024/11/12/cop29-pay-up-or-face-climate-led-disaster-for-humanity-warns-un-chief
WATCH: Watch this 15-year-old boxer's unbelievable tricks on the speed bag,2024-11-12T08:17:49Z,ABC News,"Amateur boxing champion Marley ""Baby Bug"" McNealy shows off her masterful skills and signature tricks with her speed bag training videos.",https://abcnews.go.com/GMA/Living/video/watch-15-year-boxers-unbelievable-tricks-speed-bag-115750367
Kona Process 134 Review: All Are Welcome – Travis Engel,2024-11-12T08:12:40Z,Theradavist.com,"Over a decade ago, Kona helped spark The Mountain Bike Geometry Revolution. Their Process line of aggressive full-suspension models were some of the first to get the “longer, lower, slacker” treatment that is so ubiquitous today. And although the 2024 Kona Pr…",http://theradavist.com/kona-process-134-mtb-review/
Burn It Down: A License for AI Resistance,2024-11-12T08:00:00Z,Inside Higher Ed,"Burn It Down: A License for AI Resistance

 


 
Elizabeth Redden

Tue, 11/12/2024 - 03:00 AM

Resistance is not futile, Melanie Dusseau writes.
 
 Byline(s)
 
 Melanie Dusseau
 
 
Burn It Down: A License for AI Resistance

 


 
Elizabeth Redden

Tue, 11/12/…",https://www.insidehighered.com/opinion/views/2024/11/12/burn-it-down-license-ai-resistance-opinion
AWS storage: Key storage options in the Amazon cloud,2024-11-12T07:56:00Z,ComputerWeekly.com,"We survey the key cloud storage options available from AWS, which include S3 object storage and its options, block storage in EBS and a range of file storage choices",https://www.computerweekly.com/feature/AWS-storage-Key-storage-options-in-the-Amazon-cloud
"Watch: Joo Won, Lee Jun Hyuk, Jang Young Nam, And More Showcase Their Professionalism On Set Of “Firefighters”",2024-11-12T07:45:35Z,soompi,"The upcoming film “Firefighters” has shared a behind-the-scenes look at its production process ahead of its premiere! Directed by Kwak Kyung Taek, “Firefighters” captures the authenticity of real-life events by telling the story of firefighters who responded …",http://www.soompi.com/article/1702244wpp/watch-joo-won-lee-jun-hyuk-jang-young-nam-and-more-showcase-their-professionalism-on-set-of-firefighters
[Removed],2024-11-12T07:43:07Z,[Removed],[Removed],https://removed.com
Shell wins appeal against order to cut emissions,2024-11-12T07:37:00Z,DW (English),A Dutch court has upheld Shell's appeal against a 2021 verdict forcing it to almost halve oil and gas emissions by 2030.,https://www.dw.com/en/shell-wins-appeal-against-order-to-cut-emissions/a-70757648
CNBC Daily Open: Best to stay prudent even in the postelection afterglow,2024-11-12T07:30:01Z,CNBC,"It remains to be seen if the postelection market rally will fizzle out once the initial euphoria wears off, or portends a longer-term phenomenon.",https://www.cnbc.com/2024/11/12/cnbc-daily-open-best-to-stay-prudent-in-the-postelection-afterglow.html
COP29: Making Space Applications Work for Women in Agriculture,2024-11-12T07:29:41Z,Inter Press Service,"When the first woman in space, Valentina Tereshkova, orbited the Earth in 1963, there were only three active Earth observation satellites. Today, the number is 114 times greater. With more and better satellites, the impacts of advances in the space sector are…",https://www.ipsnews.net/2024/11/cop29-making-space-applications-work-women-agriculture/
How Local and Federal Institutions Are (and Aren’t) Taking Care of North Carolina’s Hurricane Survivors—and What Mutual Aid Groups Are Doing to Help,2024-11-12T07:27:16Z,Resilience,Grassroots organizations are helping rebuild North Carolina communities after Hurricane Helene.,https://www.resilience.org/stories/2024-11-12/how-local-and-federal-institutions-are-and-arent-taking-care-of-north-carolinas-hurricane-survivors-and-what-mutual-aid-groups-are-doing-to-help/
Toxic towns in Kyrgyzstan battling radioactive danger,2024-11-12T07:07:20Z,Digital Journal,"In a mask and a hazmat suit, Ermek Murataliyev drives a truck filled with Soviet-era radioactive waste along the winding mountain roads of Kyrgyzstan. His is a hazardous mission: two such trucks crashed into ravines over the summer. Drivers in this former Sov…",https://www.digitaljournal.com/world/toxic-towns-in-kyrgyzstan-battling-radioactive-danger/article
RBI can expect climate risks to emerge as important policy inputs,2024-11-12T07:00:05Z,Livemint,"As climate-related risks increase, the growth-inflation trade-off will become increasingly complex. As impacts harden, a multi-pronged approach and close cooperation between the government and RBI will be crucial to adapt monetary policy to the harsh realitie…",https://www.livemint.com/opinion/online-views/climate-change-rbi-inflation-climate-risks-monetary-policy-climate-action-carbon-tax-renewable-energy-fossil-fuels-11731375818049.html
Designer Diary: Lords of Vegas,2024-11-12T07:00:01Z,Boardgamegeek.com,"by Mike Selinker
Written by Mike Selinker, James Ernest, and Chad Brown

Wait, Lords of Vegas? Isn't that a highly regarded game that came out in 2010? Why in all heck are you doing a designer diary for a fourteen-year-old game?

Well, friend, it's not a four…",https://boardgamegeek.com/blog/1/blogpost/167106/designer-diary-lords-of-vegas
Jupiter’s Great Red Spot Oscillates Like a Stress Ball,2024-11-12T07:00:00Z,Discover Magazine,What is Jupiter's great red spot? Researchers have observed the red spot changing over time.,https://www.discovermagazine.com/the-sciences/jupiters-great-red-spot-oscillates-like-a-stress-ball
Donald Trump and the Geopolitical Landscape,2024-11-12T06:54:20Z,CounterPunch,"“It was like a scene from the final hours of the Roman Empire: Everywhere you looked, some prominent politician was degrading himself in public.” — Hunter S. Thompson With America staring down the barrel of another reactionary Trump regime, it’s easy to disce…",https://www.counterpunch.org/2024/11/12/donald-trump-and-the-geopolitical-landscape/
Toxic Towns In Kyrgyzstan Battling Radioactive Danger,2024-11-12T06:51:20Z,International Business Times,"In a mask and a hazmat suit, Ermek Murataliyev drives a truck filled with Soviet-era radioactive waste along the winding mountain roads of Kyrgyzstan.",https://www.ibtimes.com/toxic-towns-kyrgyzstan-battling-radioactive-danger-3750608
Toxic Towns In Kyrgyzstan Battling Radioactive Danger,2024-11-12T06:51:19Z,Ibtimes.com.au,"In a mask and a hazmat suit, Ermek Murataliyev drives a truck filled with Soviet-era radioactive waste along the winding mountain roads of Kyrgyzstan.",https://www.ibtimes.com.au/toxic-towns-kyrgyzstan-battling-radioactive-danger-1853338
COP29: What is the latest science on climate change?,2024-11-12T06:46:46Z,BusinessLine,"The last global scientific consensus on climate change was released in 2021 through the Intergovernmental Panel on Climate Change, however scientists say that evidence shows global warming and its impacts are unfolding faster than expected",https://www.thehindubusinessline.com/news/world/cop29-what-is-the-latest-science-on-climate-change/article68858533.ece
The Military-Industrial Complex Is Fueling Climate Catastrophe,2024-11-12T06:44:34Z,CounterPunch,"As we write, New York City is an unsettling 70 degrees in November. Meanwhile, a cohort of war profiteers, their pockets lined by the very industries destroying our climate, are flying to COP, the annual U.N. climate summit hosted by a petrostate, no less. Th…",https://www.counterpunch.org/2024/11/12/the-military-industrial-complex-is-fueling-climate-catastrophe/
MYSTERY: FEMA staging 350 semi-trailers at decommissioned Michigan Air Force base...,2024-11-12T06:43:46Z,Themidwesterner.news,"Reports have surfaced of Federal Emergency Management Agency staging trucks across north central Michigan, including at the former Wurtsmith Air Force Base, sparking speculation and fears about the agency’s doings and prompting elected representatives to seek…",https://www.themidwesterner.news/2024/11/mystery-fema-staging-350-semi-trailers-at-decommissioned-air-force-base-in-oscoda/
Washington Voters Favor Pollution Cap But Not Transitioning From Gas,2024-11-12T06:43:14Z,Forbes,Washington voters rejected I-2117 because they saw benefits from cap-and-invest. They supported I-2066 because gas transition did not create local benefits,https://www.forbes.com/sites/prakashdolsak/2024/11/12/washington-voters-favor-pollution-cap-but-not-transitioning-from-gas/
Iriga: CamSur PDRRMC Team wins 1st runner up in the International Rescue Challenge 2024 in Pakistan,2024-11-12T06:39:29Z,Rpnradio.com,"The Provincial Disaster Risk Reduction and Management Council team (PDRRMC) of the province of Camarines Sur comprised of seven (7) members from the Environment, Disaster Management and Emergency Response Office (EDMERO CAMSUR) and Bureau of Fire Protection (…",https://rpnradio.com/iriga-camsur-pdrrmc-team-wins-1st-runner-up-in-the-international-rescue-challenge-2024-in-pakistan/
I Will Always Be Angry About Software Engineering,2024-11-12T06:31:18Z,Mataroa.blog,"Article URL: https://ludic.mataroa.blog/blog/why-i-will-always-be-angry-about-software-engineering/
Comments URL: https://news.ycombinator.com/item?id=42113296
Points: 38
# Comments: 3",https://ludic.mataroa.blog/blog/why-i-will-always-be-angry-about-software-engineering/
"«Ростелеком»: Хакеры отказываются от известных инструментов, кибератаки становятся все более сложными и продолжительными",2024-11-12T06:31:00Z,Cnews.ru,"В «Ростелекоме» столкнулись с новыми ИТ-угрозами, и каждая из кибератак на инфраструктуру отличается по сложности и продолжительности. Злоумышленники все реже прибегают к известным хакерским ИТ-инструментам. Российская телекоммуникационная компания «Ростелеко…",https://www.cnews.ru/news/top/2024-11-12_hakery_stali_rezhe_ispolzovat
Vice President Gibran to visit victims of Mt Lewotobi eruptions,2024-11-12T06:26:03Z,Antaranews.com,"Vice President Gibran Rakabuming Raka will soon head to East Flores District, East Nusa Tenggara Province, to directly oversee the handling of residents ...",https://en.antaranews.com/news/333853/vice-president-gibran-to-visit-victims-of-mt-lewotobi-eruptions
The Military-Industrial Complex Is Fueling Climate Catastrophe,2024-11-12T06:20:12Z,Antiwar.com,"As I write, New York City is an unsettling 70 degrees in November. Meanwhile, a cohort of war profiteers, their pockets lined by the very industries destroying our climate, are flying to COP, the annual U.N. climate summit hosted by a petrostate, no less. The…",https://www.antiwar.com/blog/2024/11/11/the-military-industrial-complex-is-fueling-climate-catastrophe/
Le Filippine attendono l'arrivo del tifone Toraji,2024-11-12T12:25:32Z,ANSA.it,"epa11715862 A villager with her children looks on in the flood-hit municipality of San Pablo, Isabela province, Philippines, 12 November 2024. (ANSA)",https://www.ansa.it/sito/photogallery/primopiano/2024/11/12/le-filippine-attendono-larrivo-del-tifone-toraji_76c8538a-ed30-4c0d-b3f1-dfa5920b843c.html
5 Defining Moments: Paul Craig,2024-11-12T12:24:00Z,Sherdog.com,The Scottish Hit Squad product will set out in search of his first win in well over a year when he faces undefeated blue-chip American Top Team prospect Bo Nickal in a UFC 309 middleweight showcase.,https://www.sherdog.com/news/articles/5-Defining-Moments-Paul-Craig-195457
10 new winners join Star Golden Hearts Award’s honoured roll call,2024-11-12T12:19:00Z,The Star Online,"PETALING JAYA: With over 500 nominations and after rigorous selections, a total of 10 organisations and individuals have been named as winners of the Star Golden Hearts Award (SGHA) 2024. Read full story",https://www.thestar.com.my/news/nation/2024/11/12/10-new-winners-join-star-golden-hearts-awards-honoured-roll-call
"Home Depot’s sales are improving, but it says consumers are still cautious about spending",2024-11-12T12:17:40Z,CNBC,Home Depot is mired in a sales slump as homeowners put off major projects.,https://www.cnbc.com/2024/11/12/home-depot-hd-earnings-q3-2024.html
Speech: PM remarks at COP29: 12 November 2024,2024-11-12T12:17:36Z,Www.gov.uk,"Prime Minister Keir Starmer's remarks at COP29 in Baku, Azerbaijan.",https://www.gov.uk/government/speeches/pm-remarks-at-cop29-12-november-2024
Trump's Cabinet picks and flights hit by gunfire in Haiti: Morning Rundown,2024-11-12T12:15:17Z,NBC News,"Marco Rubio, Elise Stefanik, Lee Zeldin, Stephen Miller, Mike Waltz, Ruben Gallego, Kari Lake, Arizona senate results, Spirit Airlines, JetBlue, American Airlines",https://www.nbcnews.com/news/trumps-first-cabinet-picks-flights-gunfire-haiti-morning-rundown-rcna179721
"""That's the worst the car's ever been,"" reckoned Hamilton after Sao Paulo",2024-11-12T12:14:00Z,F1technical.net,"On the back of a challenging Sao Paulo Grand Prix, Ferrari-bound seven-time world champion Lewis Hamilton reckoned that Mercedes' 2024 F1 car, the W15 has felt the worst in the last race considering the entire season.",https://www.f1technical.net/news/25806
Donald Trump wins US election 2024 but Democrats still have final say in Congress. Here is how,2024-11-12T12:13:26Z,The Times of India,Donald Trump has won the US Presidential election 2024 but Congress returns to Washington this week as Republicans are eyeing to control the White House.,https://economictimes.indiatimes.com/news/international/us/donald-trump-wins-us-election-2024-but-democrats-still-have-final-say-in-congress-here-is-how/articleshow/115218603.cms
Apple indeed added a feature called “inactivity reboot” in iOS 18.1 that reboots locked devices,2024-11-12T12:06:14Z,Securityaffairs.com,"Apple iOS supports a new feature that reboots locked devices after extended inactivity, aiming to enhance data security for users. Apple ‘quietly’ implemented a new security feature that automatically reboots a locked device if it has not been used for severa…",https://securityaffairs.com/170824/security/apple-feature-inactivity-reboot-ios-18-1.html
Managed Data Center Services Global Strategic Business Report 2023-2030: Rising Focus on Business Continuity and Disaster Recovery Spurs Demand for Managed Backup Services,2024-11-12T12:06:00Z,GlobeNewswire,"The global market for Managed Data Center Services was estimated at US$446.3 Billion in 2023 and is projected to reach US$1.0 Trillion by 2030, growing at a CAGR of 12.9% from 2023 to 2030. This comprehensive report provides an in-depth analysis of market tre…",https://www.globenewswire.com/news-release/2024/11/12/2978936/28124/en/Managed-Data-Center-Services-Global-Strategic-Business-Report-2023-2030-Rising-Focus-on-Business-Continuity-and-Disaster-Recovery-Spurs-Demand-for-Managed-Backup-Services.html
A columnist learned of holes in Massachusetts’ right-to-shelter law. So she showed the human consequences.,2024-11-12T12:00:09Z,Poynter,"In 2023, Massachusetts experienced a significant arrival of Haitian migrants seeking work and a place to settle with their families. Columnist Yvonne Abraham noticed that they had faced a hostile […]
The post A columnist learned of holes in Massachusetts’ rig…",https://www.poynter.org/reporting-editing/2024/massachusetts-migrants-hotels-right-to-shelter-law-failing/
Alberta hiring to restore land where fireguards were created in 2023 wildfire season,2024-11-12T12:00:00Z,CBC News,The provincial government is seeking contractors to restore hundreds of kilometres of land where fireguards were created during the 2023 wildfire season.,https://www.cbc.ca/news/canada/edmonton/alberta-forestry-parks-wildfire-2023-fireguards-1.7379558
"Did the ‘Hawk Tuah’ Girl get 75,000 votes in the election?",2024-11-12T12:00:00Z,The Daily Dot,"Did Hailey Welch, known online as the “Hawk Tuah
” girl, receive 75,000 votes in last week’s presidential election?
No. But then why do so many people think so?
The claim first appeared on November 6, the day after Republican nominee Donald Trump became pres…",https://www.dailydot.com/debug/hawk-tuah-girl-votes-2024-election/
Gladiator II: What the critics say about Paul Mescal’s performance,2024-11-12T12:00:00Z,The Irish Times,"The word on the Irish actor’s performance was consistently positive, not so much for the film itself",https://www.irishtimes.com/culture/film/2024/11/12/gladiator-ii-what-the-critics-say-about-paul-mescals-performance/
The Philippines brace for more storms amid devastating typhoon season,2024-11-12T12:00:00Z,UN News,"After enduring 12 typhoons this year, including two back-to-back storms in less than a month, communities across the Philippines are bracing for more extreme weather.  Read Full Story on UN News
The post The Philippines brace for more storms amid devastating …",https://news.un.org/en/story/2024/11/1156866
Week 11 NFL Picks 2024: Early Odds to Exploit after Final Week 10 Results,2024-11-12T12:00:00Z,Bleacher Report,"Week 10 delivered one of the wildest slate of games we've seen in the 2024 NFL season. Nail-biting finishes were on the menu early and often, starting with…",https://bleacherreport.com/articles/10142984-week-11-nfl-picks-2024-early-odds-to-exploit-after-final-week-10-results
Erdoğan slams Israel over environmental disaster in Gaza,2024-11-12T11:58:12Z,Hurriyet Daily News,"President Recep Tayyip Erdoğan has slammed Israel for creating an environmental disaster in Gaza since October 2023, that has claimed the lives of more than 40,000 through its military aggression.",https://www.hurriyetdailynews.com/erdogan-slams-israel-over-environmental-disaster-in-gaza-202537
Fujitsu does not trust Post Office in use of Horizon data in future third-party prosecutions,2024-11-12T11:53:17Z,Theregister.com,"Europe boss also speaks of 'nervousness' in any extension to the use of the controversial, ageing system Fujitsu's Europe boss has told a public inquiry into the Post Office scandal — one of the widest miscarriages of justice in UK history — that the company …",https://www.theregister.com/2024/11/12/fujitsu_does_not_trust_post/
Colt adds connections to Nyse and Nasdaq,2024-11-12T11:50:00Z,Finextra,"Global digital infrastructure company Colt Technology Services, announced today the expansion of its capital markets data solutions into two of the world’s largest stock exchanges, the New York Stock Exchange (NYSE) and National Association of Securities Deal…",https://www.finextra.com/pressarticle/103121/colt-adds-connections-to-nyse-and-nasdaq
Mt. Lewotobi: Minister assures disaster response budget ready,2024-11-12T11:44:57Z,Antaranews.com,Finance Minister Sri Mulyani Indrawati assured that the budget for disaster response measures following the eruption of Mount Lewotobi Laki-laki in East ...,https://en.antaranews.com/news/333945/mt-lewotobi-minister-assures-disaster-response-budget-ready
Russian Strikes Hit Ukraine's Defense Infrastructure as Military Assets Destroyed,2024-11-12T11:40:38Z,Sputnikglobe.com,"The Russian Army has struck military airfields and energy facilities supporting Ukraine's defense industry, the Ministry of Defense reported.",https://sputnikglobe.com/20241112/russian-strikes-hit-ukraines-defense-infrastructure-as-military-assets-destroyed-1120864079.html
Ministries work in synergy to aid Mt Lewotobi victims: Karnavian,2024-11-12T11:38:20Z,Antaranews.com,The Ministry of Home Affairs is working hand in hand with other ministries and state institutions to aid the people affected by the eruptions of Mount ...,https://en.antaranews.com/news/333941/ministries-work-in-synergy-to-aid-mt-lewotobi-victims-karnavian
Dozens killed after man 'unhappy with divorce settlement' drives car into people at sports centre,2024-11-12T11:32:00Z,Sky.com,"Thirty-five people have been killed and another 43 injured after a motorist deliberately drove a car into people exercising at a sports centre in the Chinese city of Zhuhai, police said.",https://news.sky.com/story/zhuhai-dozens-killed-after-man-drives-car-into-people-exercising-at-sports-centre-13253079
NASA and ISRO Join Forces for NISAR Satellite Launch in 2025 to Track Earth’s Changing Surface,2024-11-12T11:30:01Z,Gadgets360.com,"The NISAR satellite, a joint NASA-ISRO Earth observation mission launching in 2025, will provide precise data on shifts in Earth’s surface, focusing on high-risk areas. Using advanced radar technology, the satellite aims to support natural disaster response a…",https://www.gadgets360.com/science/news/nasa-and-isro-join-forces-for-nisar-satellite-launch-in-2025-6992609
How We Chose the 100 Most Influential Climate Leaders in Business for 2024,2024-11-12T11:30:00Z,Time,"The second annual TIME100 Climate 2024 list identifies 100 leaders driving measurable, successful, and equitable climate action.",https://time.com/7160877/how-we-chose-time100-climate-2024/
Ajay Banga,2024-11-12T11:27:23Z,Time,World Bank president Ajay Banga talks to TIME ahead of COP29 about the future of climate finance.,https://time.com/7172525/ajay-banga-world-bank-climate/
Nepal to present cases of climate change consequences before COP29,2024-11-12T11:15:06Z,Khabarhub.com,"BAKU (AZERBAIJAN): President Ramchandra Paudel is in Baku, Azerbaijan since Monday, leading a high-level delegation to the 29th Conference of the Parties (COP29) to the United Nations Framework Convention on Climate Change (UNFCCC). The conference began on Mo…",https://english.khabarhub.com/2024/12/412239/
VP leads meeting on handling of Lewotobi eruption impact,2024-11-12T11:14:10Z,Antaranews.com,"Vice President Gibran Rakabuming Raka presided over a coordination meeting on the response to the eruption of Mount Lewotobi Laki-laki, East Flores ...",https://en.antaranews.com/news/333929/vp-leads-meeting-on-handling-of-lewotobi-eruption-impact
Home Depot's Q3 results top Wall Street as pullback in consumer spending eases a bit,2024-11-12T11:12:56Z,Yahoo Entertainment,"Home Depot continued to deal with a pullback in spending from customers in its fiscal third quarter, but it was less severe than in the past, and its...",https://finance.yahoo.com/news/home-depots-q3-results-top-111256782.html
Home Depot raises annual same-store sales forecast,2024-11-12T11:12:12Z,Investing.com,Home Depot raises annual same-store sales forecast,https://www.investing.com/news/stock-market-news/home-depot-raises-annual-samestore-sales-forecast-3715846
Post Apo Tycoon Is an Idle Builder Where You Rebuild a Post-Apocalyptic World,2024-11-12T11:11:00Z,DroidGamers,"Both challenging and soothing.
The post Post Apo Tycoon Is an Idle Builder Where You Rebuild a Post-Apocalyptic World appeared first on Droid Gamers.",https://www.droidgamers.com/news/post-apo-tycoon/
Spain PM accused of ‘blackmail’ by tying budget to flood aid,2024-11-12T11:07:20Z,Digital Journal,"Spain’s minority left-wing government wants to galvanise its deadlocked 2025 draft budget by linking it to urgent reconstruction funds following devastating floods, sparking “blackmail” accusations from the conservative opposition. Prime Minister Pedro Sanche…",https://www.digitaljournal.com/world/spain-pm-accused-of-blackmail-by-tying-budget-to-flood-aid/article
Spain PM Accused Of 'Blackmail' By Tying Budget To Flood Aid,2024-11-12T11:06:06Z,International Business Times,"Spain's minority left-wing government wants to galvanise its deadlocked 2025 draft budget by linking it to urgent reconstruction funds following devastating floods, sparking ""blackmail"" accusations from the conservative opposition.",https://www.ibtimes.com/spain-pm-accused-blackmail-tying-budget-flood-aid-3750636
Parliament urged to reject assisted suicide bill,2024-11-12T11:01:37Z,Christiantoday.com,"Campaigners are pleading with MPs to reject proposals to legalise assisted suicide, warning that any change to the law will put vulnerable people at risk.",https://www.christiantoday.com/article/parliament.urged.to.reject.assisted.suicide.bill/142353.htm
Americans are investing in ‘hurricane-resistant’ homes | CNN,2024-11-12T11:00:49Z,CNN,"Amid strengthening storms and rocketing insurance premiums, some homeowners are taking matters into their own hands with circular homes designed to withstand a category 5 hurricane.",https://www.cnn.com/2024/11/12/style/hurricane-resistant-homes-deltec-dfi/index.html
Why Democrats Lost the Election,2024-11-12T11:00:10Z,Patheos,"The Democrats were confident that they would sweep Donald Trump away.  Instead, they suffered a devastating defeat.  Now they are trying to figure out what happened.  And they seem to be having second thoughts about woke ideology.",https://www.patheos.com/blogs/geneveith/2024/11/why-democrats-lost-the-election/
[Removed],2024-11-12T11:00:04Z,[Removed],[Removed],https://removed.com
The Real Reason Texas Isn’t Turning Blue,2024-11-12T11:00:00Z,The New Republic,"When imagining the platonic ideal of a Democrat running for national office in a red state, the party’s old guard expects certain boxes to be ticked. The first among them is always the same: They have to be “tough,” a trait often signified by military service…",https://newrepublic.com/article/188260/allred-cruz-democrats-texas-blue
“Help! My College Student Is Questioning His Faith!”,2024-11-12T11:00:00Z,Answersingenesis.org,A guide for parents navigating their college student’s questions.,https://answersingenesis.org/family/help-college-student-is-questioning-his-faith/
"AI, search and the media shape a future of invisible older people",2024-11-12T10:49:00Z,The Drum,"The Secret Little Agency’s Ludovica Damonte reflects on how the industry can do better to represent older people at their best. As marketing and advertising professionals, we’ve all been there. You’re building a presentation deck, filling it with strategies a…",https://www.thedrum.com/opinion/2024/11/12/ai-search-and-the-media-shape-future-invisible-older-people
The Future of Public Health—or Lack Thereof—Under Trump,2024-11-12T10:30:00Z,Thenation.com,"Gregg Gonsalves



Any significant influence of RFK Jr. in Trump’s orbit would represent a recklessness never before seen in America’s public health history. 




The post The Future of Public Health—or Lack Thereof—Under Trump appeared first on The Nation.",https://www.thenation.com/article/archive/future-of-public-health-under-trump/
Neuwahlen in Berlin: Warnungen vom Master of Disaster,2024-11-12T10:29:00Z,taz.de,Die Hauptstadt steht wegen der vorgezogenen Bundestagswahl vor Neuwahlen. Berlins Wahlleiter sieht Gefahren bei einem zu frühen Datum.,https://taz.de/Neuwahlen-in-Berlin/!6049026/
"Ymir ransomware, a new stealthy ransomware grow in the wild",2024-11-12T10:26:43Z,Securityaffairs.com,"New Ymir ransomware was deployed in attacks shortly after systems were breached by RustyStealer malware, Kaspersky warns. Kaspersky researchers discovered a new ransomware family, called Ymir ransomware, which attackers deployed after breaching systems via Po…",https://securityaffairs.com/170814/malware/ymir-ransomware-analysis.html
"Netanyahu was aware of illegally obtained classified document, suspected leaker's attorney says",2024-11-12T10:25:08Z,The Jerusalem Post,"It is still unclear if Eliezer Feldstein, the PM's media team advisor suspected of leaking the documents, did so at the prime minister's orders.",https://www.jpost.com/israel-news/article-828756
Matthew McConaughey says chasing wealth can leave you lost and alone — and he'd be happy with 1/50th of his fortune,2024-11-12T10:18:48Z,Business Insider,"""Interstellar"" star Matthew McConaughey said getting richer stops improving your life as much after a while, and relationships matter too.",https://www.businessinsider.com/matthew-mcconaughey-wealth-personal-finance-money-advice-trump-buffett-berkshire-2024-11
Storm-Weary Philippines Forcibly Evacuates Thousands as Another Typhoon Hits,2024-11-12T10:17:48Z,Insurance Journal,A new typhoon barreled across an agricultural region in the northeastern Philippines on Monday after thousands were evacuated to safety while still struggling to recover from the devastation caused by three successive storms in the last three weeks. Typhoon T…,https://www.insurancejournal.com/news/international/2024/11/12/800757.htm
Mt Lewotobi: Ministry centers eruption aid provision in East Flores,2024-11-12T10:13:23Z,Antaranews.com,The Ministry of Social Affairs has designated East Flores District as a center for the provision and distribution of aid dedicated to victims of the eruptions ...,https://en.antaranews.com/news/333913/mt-lewotobi-ministry-centers-eruption-aid-provision-in-east-flores
Asheville's North Fork Water Treatment Plant; What happened to the 'pristine' reservoir?,2024-11-12T10:11:54Z,Citizen Times,Asheville Citizen Times visited the North Fork Water Treatment Plant near Black Mountain. How does it look after Tropical Storm Helene?,https://www.citizen-times.com/story/news/local/2024/11/12/ashevilles-north-fork-water-treatment-facility-6-weeks-after-helene/76193690007/
"Public health is not at risk from sheep and goat pox, assures an AUTH professor – Farmers are concerned",2024-11-12T10:04:56Z,Protothema.gr,"Spyros Kritas explains that the receptors (""locks"") on human cells do not match the virus's ""keys,"" preventing infection
The post Public health is not at risk from sheep and goat pox, assures an AUTH professor – Farmers are concerned appeared first on ProtoTh…",https://en.protothema.gr/2024/11/12/public-health-is-not-at-risk-from-sheep-and-goat-pox-assures-an-auth-professor-farmers-are-concerned/
"No Trump bump: MSNBC hemorrhaging viewers since Election Day, sheds more than half of primetime audience",2024-11-12T10:00:25Z,Fox News,"MSNBC averaged 1.1 million viewers in October but plummeted to an average audience of only 736,000 following Trump’s historic landslide victory",https://www.foxnews.com/media/msnbc-hemorrhaging-viewers-since-election-day-sheds-more-than-half-of-primetime-audience
5 of the Most Common Diet & Exercise Mistakes That Prevent Fat Loss (+ What To Do Instead!),2024-11-12T10:00:09Z,Bengreenfieldlife.com,"Fat loss isn’t always as simple as cutting calories and upping your cardio. While the basic principle of weight loss
The post 5 of the Most Common Diet & Exercise Mistakes That Prevent Fat Loss (+ What To Do Instead!) appeared first on Ben Greenfield Life - H…",https://bengreenfieldlife.com/article/tried-dieting-but-not-losing-weight-these-5-hidden-factors-could-be-to-blame/
The Human-Interest Approach: Focusing on People to Convey Facts,2024-11-12T10:00:00Z,Janefriedman.com,Academics or experts writing for a broader audience than peers should consider framing complex facts through a personal lens.,https://janefriedman.com/the-human-interest-approach-focusing-on-people-to-convey-facts/
COP29 Will Be Haunted by the Ghost of the President Yet-to-Come,2024-11-12T10:00:00Z,Wattsupwiththat.com,"One can hardly blame the representatives of developing countries turning up at Baku and asking for free money for bad weather. The island states will be there in force claiming rising sea levels will sweep away their coral and sand bank homes. Again, substant…",https://wattsupwiththat.com/2024/11/12/cop29-will-be-haunted-by-the-ghost-of-the-president-yet-to-come/
Press release: Regulator to investigate Leicester-based poverty relief charity,2024-11-12T09:56:16Z,Www.gov.uk,The Charity Commission has launched a statutory inquiry into GiftingHumanity after the charity failed to act on a legal Order issued by the regulator.,https://www.gov.uk/government/news/regulator-to-investigate-leicester-based-poverty-relief-charity
"Disasters being supercharged by man-made climate change with no country spared, UN chief tells Cop29",2024-11-12T09:54:41Z,The Irish Times,"2024 was ‘masterclass in climate destruction’, António Guterres tells global leaders",https://www.irishtimes.com/world/2024/11/12/disasters-being-supercharged-by-man-made-climate-change-with-no-country-spared-un-chief-tells-cop29/
Timothée Chalamet raconte avoir été victime de « body shaming » au début de sa carrière,2024-11-12T09:49:21Z,Le HuffPost,"Bientôt à l’affiche du biopic sur Bob Dylan, l’acteur franco-américain s’est souvenu de cette expérience pour parler d’un point commun avec le célèbre chanteur.",https://www.huffingtonpost.fr/people/article/timothee-chalamet-raconte-avoir-ete-victime-de-body-shaming-au-debut-de-sa-carriere_242111.html
UPSC Quiz – 2024 : IASbaba’s Daily Current Affairs Quiz 12th November 2024,2024-11-12T09:47:02Z,Iasbaba.com,"For Previous Daily Quiz (ARCHIVES) – CLICK HERE The Current Affairs questions are based on sources like ‘The Hindu’, ‘Indian Express’ and ‘PIB’, which are very important sources for UPSC Prelims Exam. The questions are focused on both the concepts and facts. …",https://iasbaba.com/2024/11/upsc-quiz-2024-iasbabas-daily-current-affairs-quiz-12th-november-2024/
Potential Tropical Storm Sara Could Form in Caribbean in Next Seven Days,2024-11-12T09:29:22Z,Biztoc.com,"The disturbance has a 70 percent chance of forming into a tropical storm, the National Hurricane Center says.",https://biztoc.com/x/82ce823fb86fbe64
Stephen Hawking's end of world prediction is coming sooner than we think,2024-11-12T09:25:39Z,LADbible,Stephen Hawking made a bold claim about the end of the world and explained what will speed the process up,https://www.ladbible.com/news/science/stephen-hawking-end-world-prediction-date-103121-20241112
"Climate change: Retailers turning to weather strategies, Marketing & Advertising News, ET BrandEquity",2024-11-12T09:23:49Z,The Times of India,"Weather data, once used strictly for inventory planning, is now helping retailers localize advertising and decide when to discount seasonal items such as sweaters. Walmart, whose inventory planning with artificial-intelligence software incorporates weather an…",https://brandequity.economictimes.indiatimes.com/news/business-of-brands/climate-change-retailers-turning-to-weather-strategies/115208435
Explainer-COP29: What is the latest science on climate change?,2024-11-12T09:16:34Z,Investing.com,Explainer-COP29: What is the latest science on climate change?,https://www.investing.com/news/commodities-news/explainercop29-what-is-the-latest-science-on-climate-change-3715432
Data retention and destruction policy template: Free download,2024-11-12T09:13:00Z,Techtarget.com,The downloadable data retention and destruction policy template here will help with compliance. Use this structure to develop other IT data management policies.,https://www.techtarget.com/searchstorage/tip/Data-retention-and-destruction-policy-template-A-free-download
"COP29: Pay up or face climate-led disaster for humanity, warns UN chief",2024-11-12T09:11:04Z,Investing.com,"COP29: Pay up or face climate-led disaster for humanity, warns UN chief",https://www.investing.com/news/commodities-news/cop29-pay-up-or-face-climateled-disaster-for-humanity-warns-un-chief-3715532
US Sugarcane Harvesting Market Research Report 2024-2029: Growing Presence of Alternative Sweeteners will Increase Competition,2024-11-12T09:09:00Z,GlobeNewswire,"Dublin, Nov. 12, 2024 (GLOBE NEWSWIRE) -- The ""Sugarcane Harvesting in the US - Market Research Report (2014-2029)"" report has been added to ResearchAndMarkets.com's offering.This report covers the scope, size, disposition and growth of the industry including…",https://www.globenewswire.com/news-release/2024/11/12/2978755/28124/en/US-Sugarcane-Harvesting-Market-Research-Report-2024-2029-Growing-Presence-of-Alternative-Sweeteners-will-Increase-Competition.html
Hyatt Regency Lisbon: Perfect Stop in Lisbon for One Night (Or Two),2024-11-12T09:07:23Z,Boardingarea.com,"I had a one-night stopover in Lisbon, Portugal. After a friend reunion, it turned into two. Fortunately, I was able to nurse my way back to health in this great suite
The post Hyatt Regency Lisbon: Perfect Stop in Lisbon for One Night (Or Two) appeared first …",https://thepointsoflife.boardingarea.com/hyatt-regency-lisbon-hotel-review/
4 Reasons Why the Climate Coalition Will Win Despite Trump,2024-11-12T09:03:40Z,Inter Press Service,"The nation which more than any other caused the climate crisis will leave it to the rest of the world to sort out the mess. That is a takeaway from the US election last week. The numbers are clear: US emissions up to today are 8 times the Chinese, 25 times th…",https://www.ipsnews.net/2024/11/4-reasons-climate-coalition-will-win-despite-trump/
iomart Group (LON:IOM) Stock Passes Below Two Hundred Day Moving Average – Should You Sell?,2024-11-12T09:02:55Z,ETF Daily News,iomart Group plc (LON:IOM – Get Free Report)’s stock price passed below its 200-day moving average during trading on Monday . The stock has a 200-day moving average of GBX 119.65 ($1.54) and traded as low as GBX 95.84 ($1.23). iomart Group shares last traded …,https://www.etfdailynews.com/2024/11/12/iomart-group-loniom-stock-passes-below-two-hundred-day-moving-average-should-you-sell/
How Realtors can help heal the post-election divide,2024-11-12T09:00:06Z,Inman,"Bringing the focus back to the local level isn't just good for your real estate business, trainer Bernice Ross writes. It's good for healing the political divisions exacerbated by this year's election.",https://www.inman.com/2024/11/12/how-realtors-can-help-heal-the-post-election-divide/
Mt Lewotobi: VP Gibran orders customized shelters for eruption victims,2024-11-12T08:56:14Z,Antaranews.com,Vice President Gibran Rakabuming Raka has pushed ministries and agencies to set up different general and special refugee sites for victims of the eruptions of ...,https://en.antaranews.com/news/333889/mt-lewotobi-vp-gibran-orders-customized-shelters-for-eruption-victims
Four storms churning the West Pacific at the same time mean more bad news for the Philippines | CNN,2024-11-12T08:50:35Z,CNN,"Four separate storm systems are churning their way through the West Pacific simultaneously, a rare occurrence resulting from warmer oceans that threatens to bring more misery to the storm-weary Philippines.",https://www.cnn.com/2024/11/12/climate/philippines-storms-west-pacific-intl-hnk/index.html
"COP29: Pay up or face climate-led disaster for humanity, warns UN chief",2024-11-12T08:41:03Z,BusinessLine,"Nearly 200 nations have gathered at the annual U.N. climate summit in Baku, focused this year on raising hundreds of billions of dollars to fund a global transition to cleaner energy sources and limit the climate damage caused by carbon emissions",https://www.thehindubusinessline.com/news/world/cop29-pay-up-or-face-climate-led-disaster-for-humanity-warns-un-chief/article68858972.ece
[Removed],2024-11-12T08:40:19Z,[Removed],[Removed],https://removed.com
WHO members' pandemic accord talks to spill into 2025,2024-11-12T08:30:50Z,Standard Digital,Talks between WHO member states on global accord on handling future pandemics will roll into 2025 after countries decided there were too many gaps to seal a deal this year.,https://www.standardmedia.co.ke/health/health-science/article/2001506253/who-members-pandemic-accord-talks-to-spill-into-2025
"COP29: Pay up or face climate-led disaster for humanity, warns UN chief",2024-11-12T08:27:00Z,The Star Online,"BAKU (Reuters) - United Nations Secretary-General Antonio Guterres told world leaders at the COP29 summit on Tuesday to ""pay up"" to prevent climate-led humanitarian disasters, and said time was running out to limit a destructive rise in global temperatures. R…",https://www.thestar.com.my/news/world/2024/11/12/cop29-pay-up-or-face-climate-led-disaster-for-humanity-warns-un-chief
WATCH: Watch this 15-year-old boxer's unbelievable tricks on the speed bag,2024-11-12T08:17:49Z,ABC News,"Amateur boxing champion Marley ""Baby Bug"" McNealy shows off her masterful skills and signature tricks with her speed bag training videos.",https://abcnews.go.com/GMA/Living/video/watch-15-year-boxers-unbelievable-tricks-speed-bag-115750367
Kona Process 134 Review: All Are Welcome – Travis Engel,2024-11-12T08:12:40Z,Theradavist.com,"Over a decade ago, Kona helped spark The Mountain Bike Geometry Revolution. Their Process line of aggressive full-suspension models were some of the first to get the “longer, lower, slacker” treatment that is so ubiquitous today. And although the 2024 Kona Pr…",http://theradavist.com/kona-process-134-mtb-review/
Burn It Down: A License for AI Resistance,2024-11-12T08:00:00Z,Inside Higher Ed,"Burn It Down: A License for AI Resistance

 


 
Elizabeth Redden

Tue, 11/12/2024 - 03:00 AM

Resistance is not futile, Melanie Dusseau writes.
 
 Byline(s)
 
 Melanie Dusseau
 
 
Burn It Down: A License for AI Resistance

 


 
Elizabeth Redden

Tue, 11/12/…",https://www.insidehighered.com/opinion/views/2024/11/12/burn-it-down-license-ai-resistance-opinion
AWS storage: Key storage options in the Amazon cloud,2024-11-12T07:56:00Z,ComputerWeekly.com,"We survey the key cloud storage options available from AWS, which include S3 object storage and its options, block storage in EBS and a range of file storage choices",https://www.computerweekly.com/feature/AWS-storage-Key-storage-options-in-the-Amazon-cloud
"Watch: Joo Won, Lee Jun Hyuk, Jang Young Nam, And More Showcase Their Professionalism On Set Of “Firefighters”",2024-11-12T07:45:35Z,soompi,"The upcoming film “Firefighters” has shared a behind-the-scenes look at its production process ahead of its premiere! Directed by Kwak Kyung Taek, “Firefighters” captures the authenticity of real-life events by telling the story of firefighters who responded …",http://www.soompi.com/article/1702244wpp/watch-joo-won-lee-jun-hyuk-jang-young-nam-and-more-showcase-their-professionalism-on-set-of-firefighters
[Removed],2024-11-12T07:43:07Z,[Removed],[Removed],https://removed.com
Shell wins appeal against order to cut emissions,2024-11-12T07:37:00Z,DW (English),A Dutch court has upheld Shell's appeal against a 2021 verdict forcing it to almost halve oil and gas emissions by 2030.,https://www.dw.com/en/shell-wins-appeal-against-order-to-cut-emissions/a-70757648
CNBC Daily Open: Best to stay prudent even in the postelection afterglow,2024-11-12T07:30:01Z,CNBC,"It remains to be seen if the postelection market rally will fizzle out once the initial euphoria wears off, or portends a longer-term phenomenon.",https://www.cnbc.com/2024/11/12/cnbc-daily-open-best-to-stay-prudent-in-the-postelection-afterglow.html
COP29: Making Space Applications Work for Women in Agriculture,2024-11-12T07:29:41Z,Inter Press Service,"When the first woman in space, Valentina Tereshkova, orbited the Earth in 1963, there were only three active Earth observation satellites. Today, the number is 114 times greater. With more and better satellites, the impacts of advances in the space sector are…",https://www.ipsnews.net/2024/11/cop29-making-space-applications-work-women-agriculture/
How Local and Federal Institutions Are (and Aren’t) Taking Care of North Carolina’s Hurricane Survivors—and What Mutual Aid Groups Are Doing to Help,2024-11-12T07:27:16Z,Resilience,Grassroots organizations are helping rebuild North Carolina communities after Hurricane Helene.,https://www.resilience.org/stories/2024-11-12/how-local-and-federal-institutions-are-and-arent-taking-care-of-north-carolinas-hurricane-survivors-and-what-mutual-aid-groups-are-doing-to-help/
Toxic towns in Kyrgyzstan battling radioactive danger,2024-11-12T07:07:20Z,Digital Journal,"In a mask and a hazmat suit, Ermek Murataliyev drives a truck filled with Soviet-era radioactive waste along the winding mountain roads of Kyrgyzstan. His is a hazardous mission: two such trucks crashed into ravines over the summer. Drivers in this former Sov…",https://www.digitaljournal.com/world/toxic-towns-in-kyrgyzstan-battling-radioactive-danger/article
RBI can expect climate risks to emerge as important policy inputs,2024-11-12T07:00:05Z,Livemint,"As climate-related risks increase, the growth-inflation trade-off will become increasingly complex. As impacts harden, a multi-pronged approach and close cooperation between the government and RBI will be crucial to adapt monetary policy to the harsh realitie…",https://www.livemint.com/opinion/online-views/climate-change-rbi-inflation-climate-risks-monetary-policy-climate-action-carbon-tax-renewable-energy-fossil-fuels-11731375818049.html
Designer Diary: Lords of Vegas,2024-11-12T07:00:01Z,Boardgamegeek.com,"by Mike Selinker
Written by Mike Selinker, James Ernest, and Chad Brown

Wait, Lords of Vegas? Isn't that a highly regarded game that came out in 2010? Why in all heck are you doing a designer diary for a fourteen-year-old game?

Well, friend, it's not a four…",https://boardgamegeek.com/blog/1/blogpost/167106/designer-diary-lords-of-vegas
Jupiter’s Great Red Spot Oscillates Like a Stress Ball,2024-11-12T07:00:00Z,Discover Magazine,What is Jupiter's great red spot? Researchers have observed the red spot changing over time.,https://www.discovermagazine.com/the-sciences/jupiters-great-red-spot-oscillates-like-a-stress-ball
Donald Trump and the Geopolitical Landscape,2024-11-12T06:54:20Z,CounterPunch,"“It was like a scene from the final hours of the Roman Empire: Everywhere you looked, some prominent politician was degrading himself in public.” — Hunter S. Thompson With America staring down the barrel of another reactionary Trump regime, it’s easy to disce…",https://www.counterpunch.org/2024/11/12/donald-trump-and-the-geopolitical-landscape/
Toxic Towns In Kyrgyzstan Battling Radioactive Danger,2024-11-12T06:51:20Z,International Business Times,"In a mask and a hazmat suit, Ermek Murataliyev drives a truck filled with Soviet-era radioactive waste along the winding mountain roads of Kyrgyzstan.",https://www.ibtimes.com/toxic-towns-kyrgyzstan-battling-radioactive-danger-3750608
Toxic Towns In Kyrgyzstan Battling Radioactive Danger,2024-11-12T06:51:19Z,Ibtimes.com.au,"In a mask and a hazmat suit, Ermek Murataliyev drives a truck filled with Soviet-era radioactive waste along the winding mountain roads of Kyrgyzstan.",https://www.ibtimes.com.au/toxic-towns-kyrgyzstan-battling-radioactive-danger-1853338
COP29: What is the latest science on climate change?,2024-11-12T06:46:46Z,BusinessLine,"The last global scientific consensus on climate change was released in 2021 through the Intergovernmental Panel on Climate Change, however scientists say that evidence shows global warming and its impacts are unfolding faster than expected",https://www.thehindubusinessline.com/news/world/cop29-what-is-the-latest-science-on-climate-change/article68858533.ece
The Military-Industrial Complex Is Fueling Climate Catastrophe,2024-11-12T06:44:34Z,CounterPunch,"As we write, New York City is an unsettling 70 degrees in November. Meanwhile, a cohort of war profiteers, their pockets lined by the very industries destroying our climate, are flying to COP, the annual U.N. climate summit hosted by a petrostate, no less. Th…",https://www.counterpunch.org/2024/11/12/the-military-industrial-complex-is-fueling-climate-catastrophe/
MYSTERY: FEMA staging 350 semi-trailers at decommissioned Michigan Air Force base...,2024-11-12T06:43:46Z,Themidwesterner.news,"Reports have surfaced of Federal Emergency Management Agency staging trucks across north central Michigan, including at the former Wurtsmith Air Force Base, sparking speculation and fears about the agency’s doings and prompting elected representatives to seek…",https://www.themidwesterner.news/2024/11/mystery-fema-staging-350-semi-trailers-at-decommissioned-air-force-base-in-oscoda/
Washington Voters Favor Pollution Cap But Not Transitioning From Gas,2024-11-12T06:43:14Z,Forbes,Washington voters rejected I-2117 because they saw benefits from cap-and-invest. They supported I-2066 because gas transition did not create local benefits,https://www.forbes.com/sites/prakashdolsak/2024/11/12/washington-voters-favor-pollution-cap-but-not-transitioning-from-gas/
Iriga: CamSur PDRRMC Team wins 1st runner up in the International Rescue Challenge 2024 in Pakistan,2024-11-12T06:39:29Z,Rpnradio.com,"The Provincial Disaster Risk Reduction and Management Council team (PDRRMC) of the province of Camarines Sur comprised of seven (7) members from the Environment, Disaster Management and Emergency Response Office (EDMERO CAMSUR) and Bureau of Fire Protection (…",https://rpnradio.com/iriga-camsur-pdrrmc-team-wins-1st-runner-up-in-the-international-rescue-challenge-2024-in-pakistan/
I Will Always Be Angry About Software Engineering,2024-11-12T06:31:18Z,Mataroa.blog,"Article URL: https://ludic.mataroa.blog/blog/why-i-will-always-be-angry-about-software-engineering/
Comments URL: https://news.ycombinator.com/item?id=42113296
Points: 38
# Comments: 3",https://ludic.mataroa.blog/blog/why-i-will-always-be-angry-about-software-engineering/
"«Ростелеком»: Хакеры отказываются от известных инструментов, кибератаки становятся все более сложными и продолжительными",2024-11-12T06:31:00Z,Cnews.ru,"В «Ростелекоме» столкнулись с новыми ИТ-угрозами, и каждая из кибератак на инфраструктуру отличается по сложности и продолжительности. Злоумышленники все реже прибегают к известным хакерским ИТ-инструментам. Российская телекоммуникационная компания «Ростелеко…",https://www.cnews.ru/news/top/2024-11-12_hakery_stali_rezhe_ispolzovat
Vice President Gibran to visit victims of Mt Lewotobi eruptions,2024-11-12T06:26:03Z,Antaranews.com,"Vice President Gibran Rakabuming Raka will soon head to East Flores District, East Nusa Tenggara Province, to directly oversee the handling of residents ...",https://en.antaranews.com/news/333853/vice-president-gibran-to-visit-victims-of-mt-lewotobi-eruptions
The Military-Industrial Complex Is Fueling Climate Catastrophe,2024-11-12T06:20:12Z,Antiwar.com,"As I write, New York City is an unsettling 70 degrees in November. Meanwhile, a cohort of war profiteers, their pockets lined by the very industries destroying our climate, are flying to COP, the annual U.N. climate summit hosted by a petrostate, no less. The…",https://www.antiwar.com/blog/2024/11/11/the-military-industrial-complex-is-fueling-climate-catastrophe/
Polling Nostradamus Allan Lichtman wrong election prediction has an Elon Musk connection?,2024-11-14T07:05:20Z,The Times of India,"Polls prophet Allan Lichtman predicted this time that Vice President Kamala Harris would win the US elections but Donald Trump made his comeback. Lichtman has now revealed what went wrong with his election prediction and it a connection with Elon Musk, a Trum…",https://economictimes.indiatimes.com/news/international/global-trends/polling-nostradamus-allan-lichtman-wrong-us-election-prediction-has-elon-musk-connection-disinformation-donald-trump-kamala-harris/articleshow/115286286.cms
China unveils high-speed quadruped robot capable of chasing people down,2024-11-14T07:02:03Z,TweakTown,Chinese robotics company Deep Robotics has debuted a new quadruped robot designed to traverse rugged terrain at high speeds and in style. Continue reading at TweakTown >,https://www.tweaktown.com/news/101677/china-unveils-high-speed-quadruped-robot-capable-of-chasing-people-down/index.html
[Removed],2024-11-14T07:00:59Z,[Removed],[Removed],https://removed.com
Anti-Haitianism: A Hemispheric Rejection of Revolutionary Blackness,2024-11-14T06:57:52Z,CounterPunch,"On September 25, 2024, Democratic representative Steven Horsford introduced House Resolution 1500 on the floor of Congress. The intent of the resolution was to censure Republican Congressman Glen Clay Higgins of Louisiana over a social media post that amplifi…",https://www.counterpunch.org/2024/11/14/anti-haitianism-a-hemispheric-rejection-of-revolutionary-blackness/
Iriga: Albay secures spot among 14 other provinces for SGLG 2024 Awards,2024-11-14T06:50:59Z,Rpnradio.com,"The province of Albay has secured a spot among 41 other provinces nationwide, garnering the coveted Seal of Good Local Governance 2024 Award. After a seven-year hiatus, Albay has regained the award, showcasing its continuous efforts in achieving one of the mo…",https://rpnradio.com/iriga-albay-secures-spot-among-14-other-provinces-for-sglg-2024-awards/
"Lahore reports over 15,000 cases in one day due to toxic smog, NASA shares smog photo",2024-11-14T06:48:22Z,The Times of India,"Lahore is facing a severe smog crisis. Hospitals report over 15,000 respiratory infection cases in 24 hours. Children and those with pre-existing conditions are most vulnerable. The Punjab government is taking emergency measures, including school closures. NA…",https://economictimes.indiatimes.com/news/international/world-news/lahore-reports-over-15000-cases-in-one-day-due-to-toxic-smog-nasa-shares-smog-photo/articleshow/115285934.cms
Iriga: Bicol on High Alert: Mass Evacuation underway as “Pepito” approaches,2024-11-14T06:43:28Z,Rpnradio.com,"The Regional Disaster Risk Reduction and Management Council (RDRRMC) of Bicol has activated all provincial and municipal disaster councils, preparing for the onslaught of tropical storm “Man-yi,” which will be locally named “Pepito” upon entering the Philippi…",https://rpnradio.com/iriga-bicol-on-high-alert-mass-evacuation-underway-as-pepito-approaches/
"Typhoon Usagi threatens Philippines, latest in string of storms",2024-11-14T06:32:00Z,Bangkok Post,"<p>MANILA &mdash; The Philippines is bracing for its fifth powerful storm in three weeks, with Super Typhoon Usagi set to strike the country&rsquo;s north on Thursday afternoon before tracking toward Taiwan.</p>",https://www.bangkokpost.com/world/2902083/typhoon-usagi-threatens-philippines-latest-in-string-of-storms
Big Time Changes Slowly Showing Up,2024-11-14T06:23:35Z,kyweathercenter.com,"Good Thursday, everyone. Another heavy rain event is pushing across the region early today with lingering showers hanging on into Friday. This very active setup is just ahead of a major pattern change that will usher in the threat for winter weather later nex…",https://kyweathercenter.com/?p=67092
"Iriga: Bicol University, nagtupad na ng suspension ng pasok sa mga klase at opisina",2024-11-14T06:18:22Z,Rpnradio.com,"Nagpatupad na ng suspensyon ng mga pasok sa klase at opisina ang Bicol University (BU) bilang paghahanda sa posibleng maging banta ni Bagyong Pepito sa Bicol region.   Ang kautusang ito na nakapaloob sa Office Memorandum No. 336, s. of 2024 na inisyu ng (BU) …",https://rpnradio.com/iriga-bicol-university-nagtupad-na-ng-suspension-ng-pasok-sa-mga-klase-at-opisina/
What Is the Latest Science on Climate Change?,2024-11-14T06:15:51Z,Insurance Journal,"This year’s U.N. climate summit – COP29 – is being held during yet another record-breaking year of higher global temperatures, adding pressure to negotiations aimed at curbing climate change. The last global scientific consensus on climate change was released…",https://www.insurancejournal.com/news/international/2024/11/14/800992.htm
13th National Conference on JICA assisted forestry projects in India underway in Shillong,2024-11-14T06:13:11Z,Syllad.com,"The 13th National Conference on JICA-Assisted Forestry Projects in India is currently underway in Shillong, marking a significant annual event that brings together forestry experts, policymakers, and environmental advocates. Hosted by the Meghalaya Basin Deve…",https://www.syllad.com/13th-national-conference-on-jica-assisted-forestry-projects-in-india-underway-in-shillong/
Czech PM urges EU to rethink climate goals in possible absence of global allies,2024-11-14T06:12:47Z,EURACTIV,"In today’s edition of the Capitals, find out more about Borissov beginning coalition talks with a pro-Russian party and populists, the S&D threatening to defy its 'gentleman's agreement' with the EPP, and so much more.",https://www.euractiv.com/section/politics/news/the-capitals-czech-pm-urges-eu-to-rethink-climate-goals-in-possible-absence-of-global-allies/
Spanish politicians clash over Teresa Ribera’s EU nomination,2024-11-14T06:06:23Z,EURACTIV,"Instead of Ribera, some PP circles are backing Agriculture Minister Luis Planas.",https://www.euractiv.com/section/politics/news/spanish-politicians-clash-over-teresa-riberas-eu-nomination/
The Future of Digital News in India: Busting the Fallacies,2024-11-14T06:04:55Z,MediaNama.com,"By Vivan Sharan and Mannat Marwah India’s digital news landscape reveals a stark divide: some are breaking subscription records, while…
The post The Future of Digital News in India: Busting the Fallacies appeared first on MEDIANAMA.",https://www.medianama.com/2024/11/223-future-digital-news-india-busting-fallacies/
Florida Commission Accepts Three New Flood Models as Storm Impacts Rise,2024-11-14T06:01:03Z,Insurance Journal,"As with computer models that help predict risk from hurricane winds, insurers now have more than one model to use when gauging flood damage in storm-soaked Florida. The Florida Commission on Hurricane Loss Projection Methodology this month accepted three floo…",https://www.insurancejournal.com/news/southeast/2024/11/14/801064.htm
Climate Finance and Accountability at COP29,2024-11-14T06:00:31Z,Environmental Defense Fund,"Today, November 14, is Finance Day at COP29. We caught up with Leslie Labruto, EDF’s Managing Director for Sustainable Finance, about what she’s watching for at COP29, the United Nations’ climate change talks in Baku, Azerbaijan. Follow Leslie on LinkedIn. Q:…",https://blogs.edf.org/climate411/2024/11/14/climate-finance-and-accountability-at-cop29/
Prepping 101: Tips to help you start your prepping journey,2024-11-14T06:00:00Z,Naturalnews.com,"Prepping can be overwhelming, but it’s a lifestyle that offers many benefits. Don’t let all the planning discourage you from helping your family prepare for different emergencies. Below are some tips that can help you with your prepping journey. (h/t to Homes…",https://www.naturalnews.com/2024-11-14-tips-to-help-you-start-prepping-journey.html
Undersea internet cable sabotage could unleash a worldwide disaster,2024-11-14T06:00:00Z,Naturalnews.com,Is the world’s internet – and all of our daily activities that depend on it – in jeopardy? Numerous world leaders are accusing one another of planning to cut the undersea cables that are responsible for delivering global internet traffic to wreak widespread h…,https://www.naturalnews.com/2024-11-14-undersea-internet-cable-sabotage-set-worldwide-disaster.html
Liberals pressure Senate Democrats to confirm more Biden judges while they can,2024-11-14T05:58:21Z,ABC News,"Demand Justice, a progressive organization focused on the judiciary, is set to bombard Capitol Hill with a message for the closing weeks of the 118th Congress: Do “whatever it takes” to confirm President Joe Biden’s nominees as a second Donald Trump pr...",https://abcnews.go.com/Politics/wireStory/liberals-pressure-senate-democrats-confirm-biden-judges-115849541
Liberals pressure Senate Democrats to confirm more Biden judges while they can,2024-11-14T05:58:20Z,ABC News,"Demand Justice, a progressive organization focused on the judiciary, is set to bombard Capitol Hill with a message for the closing weeks of the 118th Congress: Do “whatever it takes” to confirm President Joe Biden’s nominees as a second Donald Trump pr...",https://abcnews.go.com/US/wireStory/liberals-pressure-senate-democrats-confirm-biden-judges-115849540
Another storm is brewing in the Caribbean. Here are what areas should be on alert - CNN,2024-11-14T05:53:29Z,Slashdot.org,"Another storm is brewing in the Caribbean. Here are what areas should be on alertCNN Tropical System To Become Sara, Hurricane Center SaysThe Weather Channel Potential Tropical Cyclone 19 forms over Caribbean Sea, models show potential Florida impactsWESH 2 O…",https://slashdot.org/firehose.pl?op=view&amp;id=175467891
Potencial de ciclon tropical Gráficos,2024-11-14T05:43:19Z,Noaa.gov,"Pista de cinco días de la incertidumbre publicado en Thu, 14 Nov 2024 05:43:19 GMT

 
Probabilidades de la velocidad del viento publicado en Thu, 14 Nov 2024 03:22:59 GMT",https://www.nhc.noaa.gov/refresh/graphics_at4+shtml/054319.shtml?cone
[Removed],2024-11-14T05:43:07Z,[Removed],[Removed],https://removed.com
[Removed],2024-11-14T05:43:03Z,[Removed],[Removed],https://removed.com
[Removed],2024-11-14T05:42:58Z,[Removed],[Removed],https://removed.com
[Removed],2024-11-14T05:38:04Z,[Removed],[Removed],https://removed.com
Aid reaches Mt. Lewotobi refugees in third distribution phase: govt,2024-11-14T05:35:12Z,Antaranews.com,"The Ministry of Social Affairs ensured that the needs of refugees from the Mount Lewotobi Laki-laki eruption in East Flores, East Nusa Tenggara, were met by ...",https://en.antaranews.com/news/334285/aid-reaches-mt-lewotobi-refugees-in-third-distribution-phase-govt
Lucas: Healey digs in on protecting illegal migrants in Mass.,2024-11-14T05:32:28Z,Boston Herald,"Being the die-hard anti-Donald Trump progressive that she is, Healey just may be relishing her role in “standing up to Trump” by defending criminal illegal immigrants and others who have crossed the border illegally.",https://www.bostonherald.com/2024/11/14/lucas-healey-digs-in-on-protecting-illegal-migrants-in-mass/
Earthquake of magnitude 4.1 hits Afghanistan,2024-11-14T05:20:53Z,The Times of India,"A 4.1 magnitude earthquake struck Afghanistan on Wednesday at 3:36 pm local time, according to the National Centre of Seismology (NCS). The earthquake's epicenter was located at a depth of 60 kilometers, at latitude 36.43 N and longitude 71.39 E.",https://economictimes.indiatimes.com/news/international/world-news/earthquake-of-magnitude-4-1-hits-afghanistan/articleshow/115282430.cms
1 million migrants in the US rely on temporary protections that Trump could target,2024-11-14T05:18:29Z,ABC News,More than 1 million migrants are living and working legally in the U.S. under Temporary Protected Status,https://abcnews.go.com/Politics/wireStory/1-million-migrants-us-rely-temporary-protections-trump-115848976
Gaetz pick shows value Trump places on loyalty — and retribution — as he returns to Washington,2024-11-14T05:18:20Z,ABC News,Donald Trump has had few defenders in Congress as reliable as Matt Gaetz,https://abcnews.go.com/Politics/wireStory/gaetz-pick-shows-trump-places-loyalty-retribution-returns-115848974
Hasleo Backup Suite 5.0 Beta,2024-11-14T05:14:01Z,Neowin,"Free backup and restore software that lets you save, restore, and copy your data. Works on both Windows PCs and Servers. Read more...",https://www.neowin.net/software/hasleo-backup-suite-50-beta/
1 million migrants in the US rely on temporary protections that Trump could target,2024-11-14T05:08:46Z,The Times of India,"Venezuelan and Haitian immigrants granted Temporary Protected Status (TPS) under the Biden administration face uncertainty as President-elect Trump and JD Vance pledge to roll back the program.  The potential policy shift has sparked fear among TPS holders, w…",https://economictimes.indiatimes.com/news/international/world-news/1-million-migrants-in-the-us-rely-on-temporary-protections-that-trump-could-target/articleshow/115281976.cms
Two Toronto houses selling for $7 million so they can be torn down for condos,2024-11-14T05:01:00Z,blogTO,"You'd think with the condo market being a trash can on fire and investors generally losing money on new condos, there'd be a lull in condo development properties for sale. 
However, with Mayor Olivia Chow's push for new zoning and building regulations, there…",https://www.blogto.com/real-estate-toronto/2024/11/558-562-kingston-road-toronto/
[Removed],2024-11-14T05:00:35Z,[Removed],[Removed],https://removed.com
Elizabeth Warren melts down over Pete Hegseth’s nomination to Secretary of Defense,2024-11-14T05:00:00Z,Americanthinker.com,"Why should anyone care what a woman who stole a job from a legitimate minority at Harvard has to say about anything?

Elizabeth Warren is melting down, arguing that having Pete Hegseth as the Secretary of Defense would make the U.S. less safe. When...",https://www.americanthinker.com/blog/2024/11/elizabeth_warren_melts_down_over_pete_hegseth_s_nomination_to_secretary_of_defense.html
An Industrial Space in Taiwan Finds New Life as a Dynamic Workspace,2024-11-14T05:00:00Z,Yatzer.com,"Situated within a repurposed warehouse in Kaohsiung, Taiwan, the new office of graphic design practice Aaron Nieh Workshop redefines workspace aesthetics with a focus on fluidity and openness.",https://www.yatzer.com/haus-aa-guudpin-design
Ισπανία: Βροχοπτώσεις σχεδόν ενός μήνα έπληξαν σε μία ώρα τη Μάλαγα - Χιλιάδες εκκένωσαν τα σπίτια τους,2024-11-14T04:49:00Z,Protothema.gr,"Χθες εντοπίστηκαν οι σοροί δύο παιδιών που αγνοούνταν από τις φονικές πλημμύρες στη Βαλένθια - 223 οι νεκροί, 17 παραμένουν αγνοούμενοι | Ισπανία | Πλημμύρες | Μάλαγα | Βαλένθια | Κόσμος",https://www.protothema.gr/world/article/1561738/ispania-vrohoptoseis-shedon-enos-mina-eplixan-se-mia-ora-ti-malaga-hiliades-ekkenosan-ta-spitia-tous/
"Chinese authorities clear flowers, candles as details of crash that killed 35 heavily censored",2024-11-14T04:15:40Z,ABC News (AU),"President Xi Jinping has called for strict punishment of the perpetrator, about whom authorities have provided little information.",https://www.abc.net.au/news/2024-11-14/zhuhai-35-dead-crash-censorship-by-china-authorities/104600460
The Latest: Republicans win House majority of 218 seats,2024-11-14T04:06:30Z,ABC News,"Republicans have won enough seats to control the House of Representatives, completing the party’s sweep into power and securing their hold on both chambers of Congress and the White House",https://abcnews.go.com/Politics/wireStory/latest-trump-returns-washington-meet-biden-gop-lawmakers-115810004
"Speaker Mike Johnson wins GOP nomination to remain in job, faces full House vote in new year",2024-11-14T04:05:00Z,Roanoke Times,"While Johnson has no serious challenger, he faces dissent within his ranks, particularly from hard-right conservatives.",https://roanoke.com/news/nation-world/government-politics/politics-trump-republicans-congress-house/article_d140d763-24da-5c3a-8dc7-0a3ac8d9b814.html
Make Way for the Colonel,2024-11-14T04:01:00Z,Lewrockwell.com,"In the wake of the former and future president Donald Trump’s historic electoral victory, the mandate for an America First foreign policy has never been clearer. The American electorate has expressed a desire for a departure from the entrenched globalist stra…",https://www.lewrockwell.com/2024/11/david-gornoski/make-way-for-the-colonel/
Trump’s Second Term: What It Means for America and Investors,2024-11-14T04:01:00Z,Lewrockwell.com,"International Man: What are your overall thoughts on Trump’s second term? How do you expect it to differ from his first term? Doug Casey: Thank heavens Kamala lost. If she’d won, the Jacobins would have cemented their hold on the country, and it would have be…",https://www.lewrockwell.com/2024/11/doug-casey/trumps-second-term-what-it-means-for-america-and-investors/
The Problem of Education (from “The Art of Memorization”),2024-11-14T04:01:00Z,Lewrockwell.com,"“Because education has essentially established a monopoly on moving up the social ladder (which forces everyday citizens to participate in its rat race), it has no incentive to provide quality education to those it trains—particularly since unconditional fede…",https://www.lewrockwell.com/2024/11/john-leo-keenan/the-problem-of-education-from-the-art-of-memorization/
GOP wins control of House — giving party all three branches under Trump,2024-11-14T03:58:35Z,New York Post,The Republican Party on Wednesday clinched a majority in the House of Representatives – giving the GOP control of all three branches of government when President-elect Donald Trump assumes office in January.,https://nypost.com/2024/11/13/us-news/gop-wins-control-of-house-giving-party-all-three-branches-under-trump/
"Republicans win 218 US House seats, giving Donald Trump and the party control of government",2024-11-14T03:55:00Z,Roanoke Times,"A House Republican win in Arizona, alongside another in slow-counting California, gave the GOP enough victories to secure the majority.",https://roanoke.com/news/nation-world/government-politics/politics-trump-gop-conservative/article_c27fd3b0-0341-53c0-9cc9-97e9f43f17bf.html
Toronto city council passes plan to entice developers to build rental homes,2024-11-14T03:45:23Z,CBC News,"Toronto city council approved on Wednesday a plan to support the building of 20,000 new rental homes in the city.",https://www.cbc.ca/news/canada/toronto/toronto-city-council-new-rental-housing-incentive-plan-1.7382964
Republicans projected to keep control of House as Trump prepares to implement agenda,2024-11-14T03:41:07Z,Fox News,Speaker Mike Johnson and House GOP leaders are projected to have successfully kept their half of Congress in Republican hands for another two years.,https://www.foxnews.com/politics/republicans-projected-keep-control-house-trump-prepares-implement-agenda
The Lake Nyos disaster,2024-11-14T03:30:00Z,Superpunch.net,"There's an enormous lake between Rwanda and Congo, valuable both as a fishery, and because of the presence of methane below. The resources might lead to conflict between the two countries, and the makeup of the lake could also lead to a rare and massively fat…",https://www.superpunch.net/2024/11/the-lake-nyos-disaster.html
WATCH: Dog rescued after being found clinging to submerged shopping cart floating in canal,2024-11-14T02:58:14Z,ABC News,"Rescuers slid a ladder down into the canal and carefully saved the scared pup. Now, she gets more belly rubs than she could have ever dreamed of.",https://abcnews.go.com/GMA/Living/video/dog-rescued-after-found-clinging-submerged-shopping-cart-115838348
Bacolod: Task Group Kanlaon established,2024-11-14T02:54:30Z,Rpnradio.com,"BACOLOD City – As degassing and ashing events continue at the Kanlaon volcano, the Office of the Civil Defense established Task Group Kanlaon to ensure smooth coordination and immediate intervention among government agencies and concerned local governments, i…",https://rpnradio.com/bacolod-task-group-kanlaon-established/
Zhuhai car attack victims heard sound 'like earthquake' but had no time to escape: Witness,2024-11-14T02:53:23Z,Post Magazine,<![CDATA[ A member of a local exercise group says an SUV ploughed into people from behind while they were using a trail in the southern Chinese city. ]]>,https://www.scmp.com/news/china/politics/article/3286435/zhuhai-car-attack-victims-heard-sound-earthquake-had-no-time-escape-witness
WATCH: Scammers in bear costumes attacked cars: Officials,2024-11-14T02:52:27Z,ABC News,"Four people have been arrested for alleged insurance fraud after they claimed a bear damaged their car — but it was really a person in a bear costume, according to officials in California.",https://abcnews.go.com/US/video/scammers-bear-costumes-attacked-cars-officials-115845849
"Matt Gaetz Resigns From Congress After Trump Taps Him For AG; House Ethics Committee Loses Jurisdiction, Can’t Release “Damaging” Lawfare Report on Him",2024-11-14T02:51:21Z,Freerepublic.com,"Meanwhile, the House Ethics Committee’s years-long investigation into Matt Gaetz over allegations of sexual misconduct ended after the lawmaker resigned from Congress. The Gateway Pundit reported on the Ethics Committee’s revival of the junk allegations again…",https://freerepublic.com/focus/f-bloggers/4278255/posts
Potential Tropical Cyclone Nineteen Graphics,2024-11-14T02:35:39Z,Noaa.gov,"5-Day Uncertainty Track last updated Thu, 14 Nov 2024 02:35:39 GMT

 
Wind Speed Probabilities last updated Thu, 14 Nov 2024 02:35:39 GMT",https://www.nhc.noaa.gov/refresh/graphics_at4+shtml/023539.shtml?cone
Opinion: Mike Tyson Is So Old (And He’s About To Get Cooked),2024-11-14T02:32:53Z,MMA Mania,"History will not be on Mike Tyson’s side when the 58-year-old former Heavyweight boxing champion steps inside the Squared Circle one final time to box 27-year-old YouTube sensation, Jake Paul, on Netflix.",https://www.mmamania.com/2024/11/13/24295813/tyson-vs-paul-did-everyone-already-forget-what-happened-to-58-year-old-evander-holyfield
The Challenge 40: Battle of the Eras Recap: Who Let the Dogs Out?,2024-11-14T02:30:10Z,Vulture,"Bananas takes his feud with Michele past the point of no return. And with so few competitors left, it’s time to start making endgame predictions.",http://www.vulture.com/article/the-challenge-40-battle-of-the-eras-recap-episode-13.html
Orange County schools cancel pep rallies amid scholarship controversy,2024-11-14T02:28:45Z,WFTV Orlando,Orange County Public Schools leaders announced Wednesday evening that two previously planned pep rallies at Jones and Evans high schools would be indefinitely postponed.,https://www.wftv.com/news/local/orange-co-schools-cancels-pep-rallies-amid-scholarship-controversy/NMN3RGFGKNEXHPPSDGRV7S64ME/
"Warned of Imminent Famine in Norther Gaza, Speakers in Security Council Urge Immediate Ceasefire, Sustained Aid",2024-11-14T02:13:26Z,Globalsecurity.org,"Speakers urged the Security Council today to prevent northern Gaza's descent into famine amid relentless death and destruction, as the 15-member body convened an emergency meeting in response to experts' warnings that immediate action is required within ""days…",https://www.globalsecurity.org/military/library/news/2024/11/mil-241112-unsc03.htm
Morkull Ragast's Rage Confirms December Launch Date,2024-11-14T02:12:09Z,Bleeding Cool News,"Indie game developer Disaster Games, along with publishers Selecta Play and Astrolabe Games, confirmed the release date for Morkull Ragast's Rage. The team revealed it will be released on December 4, 2024, but there's a bit of a catch as the physical edition …",https://bleedingcool.com/games/morkull-ragasts-rage-confirms-december-launch-date/
"How to watch Tulsa Golden Hurricane vs. Oral Roberts Golden Eagles: NCAA Basketball live stream info, TV channel, start time, game odds",2024-11-14T02:01:15Z,CBS Sports,How to watch Tulsa vs. Oral Roberts basketball game,https://www.cbssports.com/college-basketball/news/how-to-watch-tulsa-golden-hurricane-vs-oral-roberts-golden-eagles-ncaa-basketball-live-stream-info-tv-channel-29522393/
To President-Elect Trump: Recommendations for NOAA and the National Weather Service,2024-11-14T02:00:00Z,Wattsupwiththat.com,"There’s a real opportunity here to improve weather forecasts and storm warnings. Not only do storm warnings save lives, studies have conclusively demonstrated that better forecasts have tremendous economic value. The money invested in the “new” Weather Bureau…",https://wattsupwiththat.com/2024/11/13/to-president-elect-trump-recommendations-for-noaa-and-the-national-weather-service/
14 Ways Santa Could Die in the North Pole,2024-11-14T02:00:00Z,Cracked.com,Jolly Old Saint Nick better make sure he zips up good and tight,https://www.cracked.com/article_44359_14-ways-santa-could-die-in-the-north-pole.html
"Boy, 14, charged with intentionally setting 52-acre NJ forest fire",2024-11-14T01:44:17Z,New York Post,Cops are now investigating if the teen may have played a role in starting an even larger fire in the same area.,https://nypost.com/2024/11/13/us-news/boy-14-charged-with-intentionally-setting-52-acre-nj-forest-fire/
Opioid overdoses deaths drop for 12th straight month,2024-11-14T01:43:44Z,CBS News,"Overdose deaths have slowed 18% since a peak last year, the CDC estimates.",https://www.cbsnews.com/news/opioid-overdoses-drop-lowest-since-2020-cdc/
"Trump picks Matt Gaetz for attorney general, Marco Rubio for secretary of state",2024-11-14T01:25:00Z,Roanoke Times,Trump also tapped Tulsi Gabbard to serve as director of national intelligence and Sen. Marco Rubio of Florida for secretary of state.,https://roanoke.com/news/nation-world/government-politics/trump-picks-matt-gaetz-for-attorney-general-marco-rubio-for-secretary-of-state/article_19b0b2a2-01c3-59e9-ab19-85742629e27b.html
Doug Casey on Trump’s Second Term: What It Means for America and Investors,2024-11-14T01:20:37Z,Freerepublic.com,"International Man: What are your overall thoughts on Trump’s second term? How do you expect it to differ from his first term? Doug Casey: Thank heavens Kamala lost. If she’d won, the Jacobins would have cemented their hold on the country, and it would have be…",https://freerepublic.com/focus/f-bloggers/4278235/posts
Power Lesbian Murders her Father with an Ice Axe in Election Night Meltdown at Seattle Home,2024-11-14T01:17:36Z,Freerepublic.com,A Blue Origin employee married to a prominent trans author and journalist has been accused of killing her elderly father with an ice axe on Election Night.,https://freerepublic.com/focus/f-chat/4278233/posts
Spain Flood Epicentre Braces For Fresh Deluge,2024-11-14T01:12:22Z,International Business Times,"Spain's eastern Valencia region braced for more torrential rain on Wednesday, two weeks after the country's worst floods in generations killed more than 200 people there.",https://www.ibtimes.com/spain-flood-epicentre-braces-fresh-deluge-3750950
Aloft Launches Into Early Access On Steam In Mid-January,2024-11-14T01:12:09Z,Bleeding Cool News,"Funcom has come on board as the publisher for Aloft, as they and indie developer Astrolable Interactive have confirmed an Early Access launch date. The two confirmed that the game will be released on January 15, 2024, giving you a limited experience as they w…",https://bleedingcool.com/games/aloft-launches-into-early-access-on-steam-in-mid-january/
LASG inspects drainage projects to tackle flooding,2024-11-14T01:05:07Z,The Punch,"The Lagos State Government, on Wednesday, reaffirmed its commitment to permanently addressing the menace of flash flooding and reclaiming the environment from various infractions across the metropolis. The Commissioner for the Environment and Water Resources,…",https://punchng.com/lasg-inspects-drainage-projects-to-tackle-flooding/
How MAGA Is John Thune? What Voting Record Shows,2024-11-14T00:58:30Z,Freerepublic.com,"South Dakota Senator John Thune—not Senator Rick Scott, the preferred choice of some in the Make America Great Again (MAGA) faction—will be the next Senate majority leader following a vote by Senate Republicans on Wednesday. Thune, who has been serving as min…",https://freerepublic.com/focus/f-news/4278231/posts
We need to pay attention — NY’s wildfire situation is becoming dire,2024-11-14T00:56:38Z,New York Post,"Upstate horse country is experiencing fires. Fire after fire. No rain. Trees dry as tinder. Houses, animals at risk. Firefighters have been on the scene.",https://nypost.com/2024/11/13/opinion/we-need-to-pay-attention-nys-wildfire-situation-is-becoming-dire/
Bali flights are back on. But airlines are still monitoring volcanic activity,2024-11-14T00:52:44Z,ABC News (AU),Flights in and out of Bali are resuming today after volcanic eruptions clouded parts of Indonesia with dangerous ash clouds and forced Australian airlines to cancel trips.,https://www.abc.net.au/news/2024-11-14/bali-flights-volcano-eruption-laki-laki-mount-lewotobi/104599396
Chevy EV owners in Texas now get free overnight home charging with Reliant,2024-11-14T00:28:24Z,Electrek,"Chevy EV owners in Texas who have Reliant as their electric utility can now charge for free at night with renewable energy.



 more…",http://electrek.co/2024/11/13/chevy-ev-owners-in-texas-now-get-free-overnight-home-charging-with-reliant/
So Much For The ‘Candidate Of Peace’: Trump Fills Cabinet With Neoconservative Hawks,2024-11-14T00:21:50Z,HuffPost,Donald Trump’s national security adviser pick literally worked for Dick Cheney.,https://www.huffpost.com/entry/trump-cabinet-neoconservative-war-hawks_n_67352e7be4b07b3c59488860
These apps promise to help you make new friends. Could it work for me?,2024-11-14T00:17:49Z,Vox,"On a Wednesday morning in September, I was partaking in a sacred tradition known to millennials everywhere: trying to write the perfect Bumble bio. Something that said “spontaneous, but likes to be in bed by 11” or “loves to hang out on weeknights, but I’m no…",https://www.vox.com/even-better/383772/friend-apps
The Survivalist’s Odds ‘n Sods,2024-11-14T00:10:03Z,Survivalblog.com,"SurvivalBlog presents another edition of The Survivalist’s Odds ‘n Sods. This column is a collection of news bits and pieces that are relevant to the modern survivalist and prepper from JWR. Our goal is to educate our readers, to help them to recognize emergi…",https://survivalblog.com/2024/11/14/the-survivalists-odds-n-sods-17/
Why Canada could become the next nuclear energy 'superpower',2024-11-14T00:09:24Z,BBC News,"With its rich resources, uranium mining companies want Canada to play a key role in fuelling nuclear reactors worldwide.",https://www.bbc.com/news/articles/c5yjnkgz0djo
A $1 billion proposal is the latest plan to refurbish and save the iconic Houston Astrodome,2024-11-14T00:09:06Z,seattlepi.com,"The Houston Astrodome has been in limbo, waiting for its chance at a second life since being shuttered more than 15 years ago. On Wednesday, a nonprofit focused on saving the beloved domed stadium unveiled its $1 billion proposal to refurbish the iconic stadi…",https://www.seattlepi.com/business/article/a-1-billion-proposal-is-the-latest-plan-to-19914159.php
Bitdefender released a decryptor for the ShrinkLocker ransomware,2024-11-14T00:05:26Z,Securityaffairs.com,"Bitdefender released a decryptor for the ShrinkLocker ransomware, which modifies BitLocker configurations to encrypt a system’s drives. ShrinkLocker ransomware was first discovered in May 2024 by researchers from Kaspersky. Unlike modern ransomware it doesn’t…",https://securityaffairs.com/170934/cyber-crime/shrinklocker-ransomware-decryptor.html
"Donald Trump's Deputies Want More Detention to Block, Repatriate Migrants",2024-11-14T00:03:05Z,Breitbart News,"Donald Trump's deputies say they will dramatically expand the detention space needed for the bureaucratic process of flying illegal migrants back to their foreign homes, according to NBC News.
The post Donald Trump’s Deputies Want More Detention to Block, Rep…",https://www.breitbart.com/immigration/2024/11/13/donald-trumps-deputies-eye-more-detention-space-to-block-repatriate-migrants/
Was Nero really a monster?,2024-11-14T00:00:00Z,National Geographic,"Rome experienced some of it greatest economic and cultural dynamism under Nero's rule, and yet he's called everything from a murderous psychopath to a depraved tyrant. Is it time to reexamine this notorious emperor's legacy?",https://www.nationalgeographic.com/history/article/emperor-nero-ancient-rome-reputation
Thomas Gale Moore: An Appreciation,2024-11-14T00:00:00Z,Hoover.org,Remembering the late Hoover economist and his clearsighted contributions.,https://www.hoover.org/research/thomas-gale-moore-appreciation
The best walking shoes for every kind of traveler,2024-11-14T00:00:00Z,National Geographic,"After walking over 3.5 million steps on trips this year, our writer picked favorites, from ‘barefoot’ styles for cafe hopping to pillowy sneakers for castle touring.",https://www.nationalgeographic.com/lifestyle/article/best-walking-shoes-for-travel
